%MSG-i configureMessageFacility:  Early 11-Jun-2024 08:27:55 CDT pre-events configureMessageFacility.cc:287
Message Facility Application . configured with: destinations:{console:{filename_delimit:"/srcs/" format_string:"|%L:%N:%f [%u]\t%m" threshold:"DEBUG" type:"OTS"} file:{append:false directory:"/home/mu2edaq/otsdaq_demo/srcs/otsdaq_demo/NoGitData/Logs/." pattern:".-%?H%t-%p.log" seperator:"-" threshold:"DEBUG" timestamp_pattern:"%Y%m%d%H%M%S" type:"GenFile"} udp:{host:"127.0.0.1" port:32015 threshold:"DEBUG" type:"UDP"}}
%MSG
%MSG-i _TCPConnect:  Early 11-Jun-2024 08:27:55 CDT pre-events TCPConnect.cc:345
Resolving host 127.0.0.1, on port 32015
%MSG
%MSG-i _TCPConnect:  Early 11-Jun-2024 08:27:55 CDT pre-events TCPConnect.cc:372
Host resolved as 127.0.0.1
%MSG
%MSG-i _TCPConnect:  Early 11-Jun-2024 08:27:55 CDT pre-events TCPConnect.cc:248
Resolving ip mu2e-calo-03.fnal.gov
%MSG
/home/mu2edaq/otsdaq_demo/srcs/otsdaq_demo/NoGitData/ServiceData/LoginData/HashesData//hashes.xml
0 Hashes found.
Users database: /home/mu2edaq/otsdaq_demo/srcs/otsdaq_demo/NoGitData/ServiceData/LoginData/UsersData//users.xml
Found Users database next user Id: 1
1 Users found.
The current security type is NoSecurity
CareAboutCookieCodes_: 0
/home/mu2edaq/otsdaq_demo/srcs/otsdaq_demo/NoGitData/ServiceData/LoginData/UsersData//activeSessions.sv
Persistent active sessions were not found to be loaded at file: /home/mu2edaq/otsdaq_demo/srcs/otsdaq_demo/NoGitData/ServiceData/LoginData/UsersData//activeSessions.sv
Attempting to load username with lock: admin
Setting lock
actingUser = admin
Permissions: allUsers: 255
usersUsernameWithLock_ = 
lock = 1
username = admin
isUsernameActive(username) = 0
User 'admin' has locked out the system!
Done with Web Users initialization!
ConfigurationGUISupervisor:UNINITIALIZED_supervisorApplicationUID	<> application->getApplicationContext()->getContextDescriptor()->getURL() = http://mu2e-calo-03.fnal.gov:2015
ConfigurationGUISupervisor:UNINITIALIZED_supervisorApplicationUID	<> application->getApplicationDescriptor()->getLocalId() = 280
ConfigurationGUISupervisor:UNINITIALIZED_supervisorApplicationUID	<> supervisorClass_ = ots::ConfigurationGUISupervisor
ConfigurationGUISupervisor:UNINITIALIZED_supervisorApplicationUID	<> supervisorClassNoNamespace_ = ConfigurationGUISupervisor
Initializing info based on XDAQ context...
Init
Initializing info for Wiz mode XDAQ context...
The TRACE-controller app for hostname 'mu2e-calo-03.fnal.gov' is CLASS:LID = ots::CodeEditorSupervisor:240 name = LID-240
TRACE-controller app count = 1
Supervisor Info initialization complete!
ConfigurationGUISupervisor:UNINITIALIZED_supervisorApplicationUID	<> Wiz mode detected. So skipping configuration location work for supervisor of class 'ots::ConfigurationGUISupervisor'
ConfigurationGUISupervisor:280	<> CorePropertySupervisorBase::supervisorContextUID_ = NO CONTEXT ID IN WIZ MODE
ConfigurationGUISupervisor:280	<> CorePropertySupervisorBase::supervisorApplicationUID_ = 280
ConfigurationGUISupervisor:280	<> CorePropertySupervisorBase::supervisorConfigurationPath_ = NO APP PATH IN WIZ MODE
FSM-ConfigurationGUISupervisor	<> Constructing FiniteStateMachine
FSM-ConfigurationGUISupervisor	<> Resetting RunControlStateMachine with name 'ConfigurationGUISupervisor'...
Request name: StateMachine jobName: StateMachine
ConfigurationGUISupervisor:280	<> Constructor.
ConfigurationGUISupervisor:280	<> Constructed.
ConfigurationGUISupervisor:280	<> Constructor started.
ConfigurationGUISupervisor:280	<> Initializing...
ConfigurationGUISupervisor:280	<> Activating saved context, which may prepare for normal mode...
ConfigurationGUISupervisor:280	<> Attempting test activation of the context group.
TableBase-TableGroupMetadata	<> Special table 'TableGroupMetadata' constructed. 1
READONLY_USER	<> runTimeSeconds() = 0.000663531
IS_FILESYSTEM_DB = 1
READONLY_USER	<> runTimeSeconds() = 0.0510983
READONLY_USER	<> runTimeSeconds() = 0.052279
READONLY_USER	<> username_ = READONLY_USER
READONLY_USER	<> ACTIVE_GROUPS_FILENAME = /home/mu2edaq/otsdaq_demo/srcs/otsdaq_demo/NoGitData/ServiceData/ActiveTableGroups.cfg
READONLY_USER	<> ARTDAQ_DATABASE_URI = filesystemdb:///home/mu2edaq/otsdaq_demo/srcs/otsdaq_demo/NoGitDatabases/filesystemdb/test_db
TableBase-GroupCache_testContext	<> TableBase for 'GroupCache_testContext' constructed.
GROUP_CACHE-TEST_CONTEXTv-2	<> TableView copy for 'GROUP_CACHE-TEST_CONTEXT' done.
GROUP_CACHE-TEST_CONTEXTv3	<> TableView copy for 'GROUP_CACHE-TEST_CONTEXT' done.
READONLY_USER	<> ------------------------------------- init start    	 [for all plug-ins in Context group 'testContext(3)']
READONLY_USER	<>  PROCESSOR_COUNT 28 ==> 14 threads for initializing tables.
Fixing deprecated Supervisor class from ots::Supervisor to ots::GatewaySupervisor
READONLY_USER	<> ------------------------------------- init complete 	 [for all plug-ins in Context group 'testContext(3)']
TableBase-GroupCache_TableEditWizBackbone	<> TableBase for 'GroupCache_TableEditWizBackbone' constructed.
GROUP_CACHE-TABLE_EDIT_WIZ_BACKBONEv-2	<> TableView copy for 'GROUP_CACHE-TABLE_EDIT_WIZ_BACKBONE' done.
GROUP_CACHE-TABLE_EDIT_WIZ_BACKBONEv4	<> TableView copy for 'GROUP_CACHE-TABLE_EDIT_WIZ_BACKBONE' done.
READONLY_USER	<> Ignoring that groupMetadataTable_ is missing for group 'TableEditWizBackbone(4). Going with anonymous defaults.
READONLY_USER	<> ------------------------------------- init start    	 [for all plug-ins in Backbone group 'TableEditWizBackbone(4)']
READONLY_USER	<>  PROCESSOR_COUNT 28 ==> 14 threads for initializing tables.
READONLY_USER	<> ------------------------------------- init complete 	 [for all plug-ins in Backbone group 'TableEditWizBackbone(4)']
TableBase-GroupCache_defaultConfig	<> TableBase for 'GroupCache_defaultConfig' constructed.
GROUP_CACHE-DEFAULT_CONFIGv-2	<> TableView copy for 'GROUP_CACHE-DEFAULT_CONFIG' done.
GROUP_CACHE-DEFAULT_CONFIGv2	<> TableView copy for 'GROUP_CACHE-DEFAULT_CONFIG' done.
READONLY_USER	<> Not loading group because it is not of type Context or Backbone (it is type 'Configuration').
READONLY_USER	<> runTimeSeconds() = 0.142768
READONLY_USER	<> Destroying Backbone Key: 4
READONLY_USER	<> Destroying Context Key: 3
ConfigurationGUISupervisor:280	<> Done with test context.
ConfigurationGUISupervisor:280	<> Constructor complete.
Constructor.
Initializing info based on XDAQ context...
Init
Initializing info for Wiz mode XDAQ context...
The TRACE-controller app for hostname 'mu2e-calo-03.fnal.gov' is CLASS:LID = ots::CodeEditorSupervisor:240 name = LID-240
TRACE-controller app count = 1
Supervisor Info initialization complete!
(Reverting to default wiz security) Sequence length file NOT found: /home/mu2edaq/otsdaq_demo/srcs/otsdaq_demo/NoGitData/ServiceData/OtsWizardData/sequence.dat
Sequence length = 4
mu2e-calo-03.fnal.gov:2015/urn:xdaq-application:lid=290/Verify?code=fa37
Marked alive: /home/mu2edaq/otsdaq_demo/srcs/otsdaq_demo/NoGitData/Logs/otsdaq_is_alive-wiz-0.dat
Constructed.
ConsoleSupervisor:UNINITIALIZED_supervisorApplicationUID	<> application->getApplicationContext()->getContextDescriptor()->getURL() = http://mu2e-calo-03.fnal.gov:2015
ConsoleSupervisor:UNINITIALIZED_supervisorApplicationUID	<> application->getApplicationDescriptor()->getLocalId() = 260
ConsoleSupervisor:UNINITIALIZED_supervisorApplicationUID	<> supervisorClass_ = ots::ConsoleSupervisor
ConsoleSupervisor:UNINITIALIZED_supervisorApplicationUID	<> supervisorClassNoNamespace_ = ConsoleSupervisor
Initializing info based on XDAQ context...
Init
Initializing info for Wiz mode XDAQ context...
The TRACE-controller app for hostname 'mu2e-calo-03.fnal.gov' is CLASS:LID = ots::CodeEditorSupervisor:240 name = LID-240
TRACE-controller app count = 1
Supervisor Info initialization complete!
ConsoleSupervisor:UNINITIALIZED_supervisorApplicationUID	<> Wiz mode detected. So skipping configuration location work for supervisor of class 'ots::ConsoleSupervisor'
ConsoleSupervisor:260	<> CorePropertySupervisorBase::supervisorContextUID_ = NO CONTEXT ID IN WIZ MODE
ConsoleSupervisor:260	<> CorePropertySupervisorBase::supervisorApplicationUID_ = 260
ConsoleSupervisor:260	<> CorePropertySupervisorBase::supervisorConfigurationPath_ = NO APP PATH IN WIZ MODE
FSM-ConsoleSupervisor	<> Constructing FiniteStateMachine
FSM-ConsoleSupervisor	<> Resetting RunControlStateMachine with name 'ConsoleSupervisor'...
Request name: StateMachine jobName: StateMachine
ConsoleSupervisor:260	<> Constructor.
ConsoleSupervisor:260	<> Constructed.
ConsoleSupervisor:260	<> Constructor started.
ConsoleSupervisor:260	<> Constructor complete.
Starting workloop based on config file: /home/mu2edaq/otsdaq_demo/srcs/otsdaq_demo/NoGitData/MessageFacilityConfigurations/QuietForwarder.cfg
CodeEditorSupervisor:UNINITIALIZED_supervisorApplicationUID	<> application->getApplicationContext()->getContextDescriptor()->getURL() = http://mu2e-calo-03.fnal.gov:2015
CodeEditorSupervisor:UNINITIALIZED_supervisorApplicationUID	<> application->getApplicationDescriptor()->getLocalId() = 240
CodeEditorSupervisor:UNINITIALIZED_supervisorApplicationUID	<> supervisorClass_ = ots::CodeEditorSupervisor
CodeEditorSupervisor:UNINITIALIZED_supervisorApplicationUID	<> supervisorClassNoNamespace_ = CodeEditorSupervisor
Initializing info based on XDAQ context...
Init
Initializing info for Wiz mode XDAQ context...
The TRACE-controller app for hostname 'mu2e-calo-03.fnal.gov' is CLASS:LID = ots::CodeEditorSupervisor:240 name = LID-240
TRACE-controller app count = 1
Supervisor Info initialization complete!
CodeEditorSupervisor:UNINITIALIZED_supervisorApplicationUID	<> Wiz mode detected. So skipping configuration location work for supervisor of class 'ots::CodeEditorSupervisor'
CodeEditorSupervisor:240	<> CorePropertySupervisorBase::supervisorContextUID_ = NO CONTEXT ID IN WIZ MODE
CodeEditorSupervisor:240	<> CorePropertySupervisorBase::supervisorApplicationUID_ = 240
CodeEditorSupervisor:240	<> CorePropertySupervisorBase::supervisorConfigurationPath_ = NO APP PATH IN WIZ MODE
FSM-CodeEditorSupervisor	<> Constructing FiniteStateMachine
Socket constructor 127.0.0.1:32016
IPAddress: 127.0.0.1 port: 32016 htons: 4221
Constructed socket for port 32016=32016 htons: 4221
FSM-CodeEditorSupervisor	<> Resetting RunControlStateMachine with name 'CodeEditorSupervisor'...
Request name: StateMachine jobName: StateMachine
ReceiverSocket constructor 127.0.0.1:32016
CodeEditorSupervisor:240	<> Constructor.
Initializing port 32016 htons: 4221
CodeEditorSupervisor:240	<> Constructed.
]	Binding port: 32016
]	Socket Number: 8 for port: 32016 initialized.
:):):):):):):):):):):):):):):):):):):):):):):):):):):):):):):):):):):)
:):):):):):):):):):):):):):):):):):):):):):):):):):):):):):):):):):):)
SOCKET ON PORT: 32016 ON IP: 127.0.0.1 INITIALIZED OK!
:):):):):):):):):):):):):):):):):):):):):):):):):):):):):):):):):):):)
:):):):):):):):):):):):):):):):):):):):):):):):):):):):):):):):):):):)
]	Socket Number: 8 for port: 32016 initialized.
Setting socket receive buffer size = 20971520 0x1400000
DEBUG messages look like this.
CodeEditorSupervisor:240	<> Constructed.
Console has first message.
INFO messages look like this.
WARNING messages look like this.
ERROR messages look like this.
submittedSequence=fa37 1718112589
*** Successfully authenticated security sequence @ 1718112589
*** Successfully authenticated security sequence @ 1718112590
ConfigurationGUISupervisor:280	<> Wiz mode detected. Skipping setup of supervisor properties for supervisor of class 'ots::ConfigurationGUISupervisor'
ConfigurationGUISupervisor:280	<> readOnly_ = 0
ConfigurationGUISupervisor:280	<> Final supervisor property settings:
ConfigurationGUISupervisor:280	<> 	AllowNoLoginRequestTypes = 
ConfigurationGUISupervisor:280	<> 	AutomatedRequestTypes = getActiveTableGroups
ConfigurationGUISupervisor:280	<> 	CheckUserLockRequestTypes = *
ConfigurationGUISupervisor:280	<> 	NoXmlWhiteSpaceRequestTypes = 
ConfigurationGUISupervisor:280	<> 	NonXMLRequestTypes = 
ConfigurationGUISupervisor:280	<> 	RequireSecurityRequestTypes = 
ConfigurationGUISupervisor:280	<> 	RequireUserLockRequestTypes = *
ConfigurationGUISupervisor:280	<> 	UserGroupsAllowed = 
ConfigurationGUISupervisor:280	<> 	UserGroupsDisallowed = 
ConfigurationGUISupervisor:280	<> 	UserPermissionsThreshold = *=10 | deleteTreeNodeRecords=255 | saveTableInfo=255 | deleteTableInfo=255
ConfigurationGUISupervisor:280	<> requestType: getTreeView
ConfigurationGUISupervisor:280	<> Creating new Configuration Manager. time=1718112603
TableBase-TableGroupMetadata	<> Special table 'TableGroupMetadata' constructed. 1
READONLY_USER	<> runTimeSeconds() = 0.00011592
READONLY_USER	<> runTimeSeconds() = 0.000169893
READONLY_USER	<> runTimeSeconds() = 0.00044199
READONLY_USER	<> runTimeSeconds() = 0.000510016
READONLY_USER	<> Private constructor for write access called.
admin	<> Instantiating Config Manager with Write Access! (for admin) time=1718112603 runTimeSeconds()=0.000685736
admin	<> runTimeSeconds() = 0.00139975
admin	<> ======================================================== getAllTableInfo start runtime=0.00168655
admin	<> Refreshing all! Extracting list of tables...
admin	<> Extracting list of tables complete.
admin	<> Now initializing...
admin	<> username_ = admin
admin	<> ACTIVE_GROUPS_FILENAME = /home/mu2edaq/otsdaq_demo/srcs/otsdaq_demo/NoGitData/ServiceData/ActiveTableGroups.cfg
admin	<> ARTDAQ_DATABASE_URI = filesystemdb:///home/mu2edaq/otsdaq_demo/srcs/otsdaq_demo/NoGitDatabases/filesystemdb/test_db
TableBase-GroupCache_testContext	<> TableBase for 'GroupCache_testContext' constructed.
GROUP_CACHE-TEST_CONTEXTv-2	<> TableView copy for 'GROUP_CACHE-TEST_CONTEXT' done.
GROUP_CACHE-TEST_CONTEXTv3	<> TableView copy for 'GROUP_CACHE-TEST_CONTEXT' done.
admin	<> ------------------------------------- init start    	 [for all plug-ins in Context group 'testContext(3)']
admin	<>  PROCESSOR_COUNT 28 ==> 14 threads for initializing tables.
Fixing deprecated Supervisor class from ots::Supervisor to ots::GatewaySupervisor
admin	<> ------------------------------------- init complete 	 [for all plug-ins in Context group 'testContext(3)']
TableBase-GroupCache_TableEditWizBackbone	<> TableBase for 'GroupCache_TableEditWizBackbone' constructed.
GROUP_CACHE-TABLE_EDIT_WIZ_BACKBONEv-2	<> TableView copy for 'GROUP_CACHE-TABLE_EDIT_WIZ_BACKBONE' done.
GROUP_CACHE-TABLE_EDIT_WIZ_BACKBONEv4	<> TableView copy for 'GROUP_CACHE-TABLE_EDIT_WIZ_BACKBONE' done.
admin	<> Ignoring that groupMetadataTable_ is missing for group 'TableEditWizBackbone(4). Going with anonymous defaults.
admin	<> ------------------------------------- init start    	 [for all plug-ins in Backbone group 'TableEditWizBackbone(4)']
admin	<>  PROCESSOR_COUNT 28 ==> 14 threads for initializing tables.
admin	<> ------------------------------------- init complete 	 [for all plug-ins in Backbone group 'TableEditWizBackbone(4)']
TableBase-GroupCache_defaultConfig	<> TableBase for 'GroupCache_defaultConfig' constructed.
GROUP_CACHE-DEFAULT_CONFIGv-2	<> TableView copy for 'GROUP_CACHE-DEFAULT_CONFIG' done.
GROUP_CACHE-DEFAULT_CONFIGv2	<> TableView copy for 'GROUP_CACHE-DEFAULT_CONFIG' done.
admin	<> ------------------------------------- init start    	 [for all plug-ins in Configuration group 'defaultConfig(2)']
admin	<>  PROCESSOR_COUNT 28 ==> 14 threads for initializing tables.
admin	<> ------------------------------------- init complete 	 [for all plug-ins in Configuration group 'defaultConfig(2)']
admin	<> ======================================================== getAllTableInfo end runtime=0.196926
TableBase-TableGroupMetadata	<> Special table 'TableGroupMetadata' constructed. 1
READONLY_USER	<> runTimeSeconds() = 3.4148e-05
READONLY_USER	<> runTimeSeconds() = 5.9919e-05
READONLY_USER	<> runTimeSeconds() = 0.000220843
READONLY_USER	<> runTimeSeconds() = 0.000266432
READONLY_USER	<> Private constructor for write access called.
TreeDiff	<> Instantiating Config Manager with Write Access! (for TreeDiff) time=1718112603 runTimeSeconds()=0.000324876
TreeDiff	<> runTimeSeconds() = 0.000354731
ConfigurationGUISupervisor:280	<> Refreshing all table info, ignoring warnings...
admin	<> ======================================================== getAllTableInfo start runtime=0.197716
admin	<> Refreshing all! Extracting list of tables...
admin	<> Extracting list of tables complete.
admin	<> Now initializing...
admin	<> username_ = admin
admin	<> Destroying Configuration Key: 2
admin	<> Destroying Backbone Key: 4
admin	<> Destroying Context Key: 3
admin	<> ACTIVE_GROUPS_FILENAME = /home/mu2edaq/otsdaq_demo/srcs/otsdaq_demo/NoGitData/ServiceData/ActiveTableGroups.cfg
admin	<> ARTDAQ_DATABASE_URI = filesystemdb:///home/mu2edaq/otsdaq_demo/srcs/otsdaq_demo/NoGitDatabases/filesystemdb/test_db
admin	<> Ignoring warnings while loading and activating group 'testContext(3)'
TableBase-GroupCache_testContext	<> TableBase for 'GroupCache_testContext' constructed.
GROUP_CACHE-TEST_CONTEXTv-2	<> TableView copy for 'GROUP_CACHE-TEST_CONTEXT' done.
GROUP_CACHE-TEST_CONTEXTv3	<> TableView copy for 'GROUP_CACHE-TEST_CONTEXT' done.
admin	<> ------------------------------------- init start    	 [for all plug-ins in Context group 'testContext(3)']
admin	<> Errors detected while loading Table Group: testContext(3). Ignoring the following errors: 
|ConfigurationManager: /scratch/workspace/otsdaq-release-build/SLF7/s128-e20-prof/build/otsdaq/v2_08_00-buildFW/src/otsdaq/ConfigurationInterface/ConfigurationManager.cc:2630 |	At node 'XDAQApplicationTable' with entry UID 'FESupervisor' there is a disconnected child node at link column 'LinkToSupervisorTable' that points to table named 'FESupervisorTable' ...|ConfigurationManager: /scratch/workspace/otsdaq-release-build/SLF7/s128-e20-prof/build/otsdaq/v2_08_00-buildFW/src/otsdaq/ConfigurationInterface/ConfigurationManager.cc:2630 |	At node 'XDAQApplicationTable' with entry UID 'DataManagerSupervisor' there is a disconnected child node at link column 'LinkToSupervisorTable' that points to table named 'DataManagerSupervisorTable' ...|ConfigurationManager: /scratch/workspace/otsdaq-release-build/SLF7/s128-e20-prof/build/otsdaq/v2_08_00-buildFW/src/otsdaq/ConfigurationInterface/ConfigurationManager.cc:2630 |	At node 'XDAQApplicationTable' with entry UID 'VisualSupervisor' there is a disconnected child node at link column 'LinkToSupervisorTable' that points to table named 'DataManagerSupervisorTable' ...
admin	<>  PROCESSOR_COUNT 28 ==> 14 threads for initializing tables.
Fixing deprecated Supervisor class from ots::Supervisor to ots::GatewaySupervisor
admin	<> ------------------------------------- init complete 	 [for all plug-ins in Context group 'testContext(3)']
admin	<> Ignoring warnings while loading and activating group 'TableEditWizBackbone(4)'
TableBase-GroupCache_TableEditWizBackbone	<> TableBase for 'GroupCache_TableEditWizBackbone' constructed.
GROUP_CACHE-TABLE_EDIT_WIZ_BACKBONEv-2	<> TableView copy for 'GROUP_CACHE-TABLE_EDIT_WIZ_BACKBONE' done.
GROUP_CACHE-TABLE_EDIT_WIZ_BACKBONEv4	<> TableView copy for 'GROUP_CACHE-TABLE_EDIT_WIZ_BACKBONE' done.
admin	<> Ignoring that groupMetadataTable_ is missing for group 'TableEditWizBackbone(4). Going with anonymous defaults.
admin	<> ------------------------------------- init start    	 [for all plug-ins in Backbone group 'TableEditWizBackbone(4)']
admin	<>  PROCESSOR_COUNT 28 ==> 14 threads for initializing tables.
admin	<> ------------------------------------- init complete 	 [for all plug-ins in Backbone group 'TableEditWizBackbone(4)']
admin	<> Ignoring warnings while loading and activating group 'defaultConfig(2)'
TableBase-GroupCache_defaultConfig	<> TableBase for 'GroupCache_defaultConfig' constructed.
GROUP_CACHE-DEFAULT_CONFIGv-2	<> TableView copy for 'GROUP_CACHE-DEFAULT_CONFIG' done.
GROUP_CACHE-DEFAULT_CONFIGv2	<> TableView copy for 'GROUP_CACHE-DEFAULT_CONFIG' done.
admin	<> ------------------------------------- init start    	 [for all plug-ins in Configuration group 'defaultConfig(2)']
admin	<>  PROCESSOR_COUNT 28 ==> 14 threads for initializing tables.
admin	<> ------------------------------------- init complete 	 [for all plug-ins in Configuration group 'defaultConfig(2)']
admin	<> ======================================================== getAllTableInfo end runtime=0.340413
ConfigurationGUISupervisor:280	<> Using active groups.
StringMacros::mapToString(filterMap) = 
ConfigurationGUISupervisor:280	<> requestType: getUniqueFieldValuesForRecords
ConfigurationGUISupervisor:280	<> tableGroup: 
ConfigurationGUISupervisor:280	<> tableGroupKey: -1
ConfigurationGUISupervisor:280	<> startPath: /DesktopIconTable
ConfigurationGUISupervisor:280	<> fieldList: Status,ForceOnlyOneInstance,RequiredPermissionLevel
ConfigurationGUISupervisor:280	<> recordList: FSM,Chat,Logbook,Visualizer,ConfigureGUI,FESubConfigGUI,DPSubConfigGUI,MacroMaker,ControlsDashboard,NOvALog,DBUtilities,Console,FEMacroTest,SmartLaunch,SystemDiagram
ConfigurationGUISupervisor:280	<> modifiedTables: 
ConfigurationGUISupervisor:280	<> Refreshing all table info, ignoring warnings...
admin	<> ======================================================== getAllTableInfo start runtime=0.429397
admin	<> Refreshing all! Extracting list of tables...
admin	<> Extracting list of tables complete.
admin	<> Now initializing...
admin	<> username_ = admin
admin	<> Destroying Configuration Key: 2
admin	<> Destroying Backbone Key: 4
admin	<> Destroying Context Key: 3
admin	<> ACTIVE_GROUPS_FILENAME = /home/mu2edaq/otsdaq_demo/srcs/otsdaq_demo/NoGitData/ServiceData/ActiveTableGroups.cfg
admin	<> ARTDAQ_DATABASE_URI = filesystemdb:///home/mu2edaq/otsdaq_demo/srcs/otsdaq_demo/NoGitDatabases/filesystemdb/test_db
admin	<> Ignoring warnings while loading and activating group 'testContext(3)'
TableBase-GroupCache_testContext	<> TableBase for 'GroupCache_testContext' constructed.
GROUP_CACHE-TEST_CONTEXTv-2	<> TableView copy for 'GROUP_CACHE-TEST_CONTEXT' done.
GROUP_CACHE-TEST_CONTEXTv3	<> TableView copy for 'GROUP_CACHE-TEST_CONTEXT' done.
admin	<> ------------------------------------- init start    	 [for all plug-ins in Context group 'testContext(3)']
admin	<> Errors detected while loading Table Group: testContext(3). Ignoring the following errors: 
|ConfigurationManager: /scratch/workspace/otsdaq-release-build/SLF7/s128-e20-prof/build/otsdaq/v2_08_00-buildFW/src/otsdaq/ConfigurationInterface/ConfigurationManager.cc:2630 |	At node 'XDAQApplicationTable' with entry UID 'FESupervisor' there is a disconnected child node at link column 'LinkToSupervisorTable' that points to table named 'FESupervisorTable' ...|ConfigurationManager: /scratch/workspace/otsdaq-release-build/SLF7/s128-e20-prof/build/otsdaq/v2_08_00-buildFW/src/otsdaq/ConfigurationInterface/ConfigurationManager.cc:2630 |	At node 'XDAQApplicationTable' with entry UID 'DataManagerSupervisor' there is a disconnected child node at link column 'LinkToSupervisorTable' that points to table named 'DataManagerSupervisorTable' ...|ConfigurationManager: /scratch/workspace/otsdaq-release-build/SLF7/s128-e20-prof/build/otsdaq/v2_08_00-buildFW/src/otsdaq/ConfigurationInterface/ConfigurationManager.cc:2630 |	At node 'XDAQApplicationTable' with entry UID 'VisualSupervisor' there is a disconnected child node at link column 'LinkToSupervisorTable' that points to table named 'DataManagerSupervisorTable' ...
admin	<>  PROCESSOR_COUNT 28 ==> 14 threads for initializing tables.
Fixing deprecated Supervisor class from ots::Supervisor to ots::GatewaySupervisor
admin	<> ------------------------------------- init complete 	 [for all plug-ins in Context group 'testContext(3)']
admin	<> Ignoring warnings while loading and activating group 'TableEditWizBackbone(4)'
TableBase-GroupCache_TableEditWizBackbone	<> TableBase for 'GroupCache_TableEditWizBackbone' constructed.
GROUP_CACHE-TABLE_EDIT_WIZ_BACKBONEv-2	<> TableView copy for 'GROUP_CACHE-TABLE_EDIT_WIZ_BACKBONE' done.
GROUP_CACHE-TABLE_EDIT_WIZ_BACKBONEv4	<> TableView copy for 'GROUP_CACHE-TABLE_EDIT_WIZ_BACKBONE' done.
admin	<> Ignoring that groupMetadataTable_ is missing for group 'TableEditWizBackbone(4). Going with anonymous defaults.
admin	<> ------------------------------------- init start    	 [for all plug-ins in Backbone group 'TableEditWizBackbone(4)']
admin	<>  PROCESSOR_COUNT 28 ==> 14 threads for initializing tables.
admin	<> ------------------------------------- init complete 	 [for all plug-ins in Backbone group 'TableEditWizBackbone(4)']
admin	<> Ignoring warnings while loading and activating group 'defaultConfig(2)'
TableBase-GroupCache_defaultConfig	<> TableBase for 'GroupCache_defaultConfig' constructed.
GROUP_CACHE-DEFAULT_CONFIGv-2	<> TableView copy for 'GROUP_CACHE-DEFAULT_CONFIG' done.
GROUP_CACHE-DEFAULT_CONFIGv2	<> TableView copy for 'GROUP_CACHE-DEFAULT_CONFIG' done.
admin	<> ------------------------------------- init start    	 [for all plug-ins in Configuration group 'defaultConfig(2)']
admin	<>  PROCESSOR_COUNT 28 ==> 14 threads for initializing tables.
admin	<> ------------------------------------- init complete 	 [for all plug-ins in Configuration group 'defaultConfig(2)']
admin	<> ======================================================== getAllTableInfo end runtime=0.570251
ConfigurationGUISupervisor:280	<> Using active groups.
ConfigurationGUISupervisor:280	<> FSM,Chat,Logbook,Visualizer,ConfigureGUI,FESubConfigGUI,DPSubConfigGUI,MacroMaker,ControlsDashboard,NOvALog,DBUtilities,Console,FEMacroTest,SmartLaunch,SystemDiagram
ConfigurationGUISupervisor:280	<> recordList FSM
ConfigurationGUISupervisor:280	<> recordList Chat
ConfigurationGUISupervisor:280	<> recordList Logbook
ConfigurationGUISupervisor:280	<> recordList Visualizer
ConfigurationGUISupervisor:280	<> recordList ConfigureGUI
ConfigurationGUISupervisor:280	<> recordList FESubConfigGUI
ConfigurationGUISupervisor:280	<> recordList DPSubConfigGUI
ConfigurationGUISupervisor:280	<> recordList MacroMaker
ConfigurationGUISupervisor:280	<> recordList ControlsDashboard
ConfigurationGUISupervisor:280	<> recordList NOvALog
ConfigurationGUISupervisor:280	<> recordList DBUtilities
ConfigurationGUISupervisor:280	<> recordList Console
ConfigurationGUISupervisor:280	<> recordList FEMacroTest
ConfigurationGUISupervisor:280	<> recordList SmartLaunch
ConfigurationGUISupervisor:280	<> recordList SystemDiagram
ConfigurationGUISupervisor:280	<> fieldList = Status,ForceOnlyOneInstance,RequiredPermissionLevel
ConfigurationGUISupervisor:280	<> StringMacros::vectorToString(fieldsToGet) = Status, ForceOnlyOneInstance, RequiredPermissionLevel
ConfigurationGUISupervisor:280	<> field = Status
ConfigurationGUISupervisor:280	<> uniqueValue Off
ConfigurationGUISupervisor:280	<> uniqueValue On
ConfigurationGUISupervisor:280	<> field = ForceOnlyOneInstance
ConfigurationGUISupervisor:280	<> uniqueValue False
ConfigurationGUISupervisor:280	<> uniqueValue True
ConfigurationGUISupervisor:280	<> field = RequiredPermissionLevel
ConfigurationGUISupervisor:280	<> uniqueValue 1
ConfigurationGUISupervisor:280	<> uniqueValue 10
ConfigurationGUISupervisor:280	<> uniqueValue 255
ConfigurationGUISupervisor:280	<> requestType: getTreeNodeCommonFields
ConfigurationGUISupervisor:280	<> tableGroup: 
ConfigurationGUISupervisor:280	<> tableGroupKey: -1
ConfigurationGUISupervisor:280	<> startPath: /DesktopIconTable
ConfigurationGUISupervisor:280	<> depth: -1
ConfigurationGUISupervisor:280	<> fieldList: 
ConfigurationGUISupervisor:280	<> recordList: FSM,Chat,Logbook,Visualizer,ConfigureGUI,FESubConfigGUI,DPSubConfigGUI,MacroMaker,ControlsDashboard,NOvALog,DBUtilities,Console,FEMacroTest,SmartLaunch,SystemDiagram
ConfigurationGUISupervisor:280	<> modifiedTables: 
ConfigurationGUISupervisor:280	<> Refreshing all table info, ignoring warnings...
admin	<> ======================================================== getAllTableInfo start runtime=0.588918
admin	<> Refreshing all! Extracting list of tables...
admin	<> Extracting list of tables complete.
admin	<> Now initializing...
admin	<> username_ = admin
admin	<> Destroying Configuration Key: 2
admin	<> Destroying Backbone Key: 4
admin	<> Destroying Context Key: 3
admin	<> ACTIVE_GROUPS_FILENAME = /home/mu2edaq/otsdaq_demo/srcs/otsdaq_demo/NoGitData/ServiceData/ActiveTableGroups.cfg
admin	<> ARTDAQ_DATABASE_URI = filesystemdb:///home/mu2edaq/otsdaq_demo/srcs/otsdaq_demo/NoGitDatabases/filesystemdb/test_db
admin	<> Ignoring warnings while loading and activating group 'testContext(3)'
TableBase-GroupCache_testContext	<> TableBase for 'GroupCache_testContext' constructed.
GROUP_CACHE-TEST_CONTEXTv-2	<> TableView copy for 'GROUP_CACHE-TEST_CONTEXT' done.
GROUP_CACHE-TEST_CONTEXTv3	<> TableView copy for 'GROUP_CACHE-TEST_CONTEXT' done.
admin	<> ------------------------------------- init start    	 [for all plug-ins in Context group 'testContext(3)']
admin	<> Errors detected while loading Table Group: testContext(3). Ignoring the following errors: 
|ConfigurationManager: /scratch/workspace/otsdaq-release-build/SLF7/s128-e20-prof/build/otsdaq/v2_08_00-buildFW/src/otsdaq/ConfigurationInterface/ConfigurationManager.cc:2630 |	At node 'XDAQApplicationTable' with entry UID 'FESupervisor' there is a disconnected child node at link column 'LinkToSupervisorTable' that points to table named 'FESupervisorTable' ...|ConfigurationManager: /scratch/workspace/otsdaq-release-build/SLF7/s128-e20-prof/build/otsdaq/v2_08_00-buildFW/src/otsdaq/ConfigurationInterface/ConfigurationManager.cc:2630 |	At node 'XDAQApplicationTable' with entry UID 'DataManagerSupervisor' there is a disconnected child node at link column 'LinkToSupervisorTable' that points to table named 'DataManagerSupervisorTable' ...|ConfigurationManager: /scratch/workspace/otsdaq-release-build/SLF7/s128-e20-prof/build/otsdaq/v2_08_00-buildFW/src/otsdaq/ConfigurationInterface/ConfigurationManager.cc:2630 |	At node 'XDAQApplicationTable' with entry UID 'VisualSupervisor' there is a disconnected child node at link column 'LinkToSupervisorTable' that points to table named 'DataManagerSupervisorTable' ...
admin	<>  PROCESSOR_COUNT 28 ==> 14 threads for initializing tables.
Fixing deprecated Supervisor class from ots::Supervisor to ots::GatewaySupervisor
admin	<> ------------------------------------- init complete 	 [for all plug-ins in Context group 'testContext(3)']
admin	<> Ignoring warnings while loading and activating group 'TableEditWizBackbone(4)'
TableBase-GroupCache_TableEditWizBackbone	<> TableBase for 'GroupCache_TableEditWizBackbone' constructed.
GROUP_CACHE-TABLE_EDIT_WIZ_BACKBONEv-2	<> TableView copy for 'GROUP_CACHE-TABLE_EDIT_WIZ_BACKBONE' done.
GROUP_CACHE-TABLE_EDIT_WIZ_BACKBONEv4	<> TableView copy for 'GROUP_CACHE-TABLE_EDIT_WIZ_BACKBONE' done.
admin	<> Ignoring that groupMetadataTable_ is missing for group 'TableEditWizBackbone(4). Going with anonymous defaults.
admin	<> ------------------------------------- init start    	 [for all plug-ins in Backbone group 'TableEditWizBackbone(4)']
admin	<>  PROCESSOR_COUNT 28 ==> 14 threads for initializing tables.
admin	<> ------------------------------------- init complete 	 [for all plug-ins in Backbone group 'TableEditWizBackbone(4)']
admin	<> Ignoring warnings while loading and activating group 'defaultConfig(2)'
TableBase-GroupCache_defaultConfig	<> TableBase for 'GroupCache_defaultConfig' constructed.
GROUP_CACHE-DEFAULT_CONFIGv-2	<> TableView copy for 'GROUP_CACHE-DEFAULT_CONFIG' done.
GROUP_CACHE-DEFAULT_CONFIGv2	<> TableView copy for 'GROUP_CACHE-DEFAULT_CONFIG' done.
admin	<> ------------------------------------- init start    	 [for all plug-ins in Configuration group 'defaultConfig(2)']
admin	<>  PROCESSOR_COUNT 28 ==> 14 threads for initializing tables.
admin	<> ------------------------------------- init complete 	 [for all plug-ins in Configuration group 'defaultConfig(2)']
admin	<> ======================================================== getAllTableInfo end runtime=0.728264
ConfigurationGUISupervisor:280	<> Using active groups.
ConfigurationGUISupervisor:280	<> FSM,Chat,Logbook,Visualizer,ConfigureGUI,FESubConfigGUI,DPSubConfigGUI,MacroMaker,ControlsDashboard,NOvALog,DBUtilities,Console,FEMacroTest,SmartLaunch,SystemDiagram
ConfigurationGUISupervisor:280	<> recordList FSM
ConfigurationGUISupervisor:280	<> recordList Chat
ConfigurationGUISupervisor:280	<> recordList Logbook
ConfigurationGUISupervisor:280	<> recordList Visualizer
ConfigurationGUISupervisor:280	<> recordList ConfigureGUI
ConfigurationGUISupervisor:280	<> recordList FESubConfigGUI
ConfigurationGUISupervisor:280	<> recordList DPSubConfigGUI
ConfigurationGUISupervisor:280	<> recordList MacroMaker
ConfigurationGUISupervisor:280	<> recordList ControlsDashboard
ConfigurationGUISupervisor:280	<> recordList NOvALog
ConfigurationGUISupervisor:280	<> recordList DBUtilities
ConfigurationGUISupervisor:280	<> recordList Console
ConfigurationGUISupervisor:280	<> recordList FEMacroTest
ConfigurationGUISupervisor:280	<> recordList SmartLaunch
ConfigurationGUISupervisor:280	<> recordList SystemDiagram
======================= check for count = 15
Checking Status = 15
Checking Caption = 15
Checking AlternateText = 15
Checking ForceOnlyOneInstance = 15
Checking RequiredPermissionLevel = 15
Checking ImageURL = 15
Checking WindowContentURL = 15
Checking LinkToApplicationTable = 15
Checking LinkToApplicationUID = 15
Checking LinkToParameterTable = 15
Checking LinkToParameterGroupID = 15
Checking FolderPath = 15
Checking CommentDescription = 15
Final Status
Final Caption
Final AlternateText
Final ForceOnlyOneInstance
Final RequiredPermissionLevel
Final ImageURL
Final WindowContentURL
Final LinkToApplicationTable
Final LinkToApplicationUID
Final LinkToParameterTable
Final LinkToParameterGroupID
Final FolderPath
Final CommentDescription
ConfigurationGUISupervisor:280	<> requestType: getTreeView
TableBase-TableGroupMetadata	<> Special table 'TableGroupMetadata' constructed. 1
READONLY_USER	<> runTimeSeconds() = 3.8321e-05
READONLY_USER	<> runTimeSeconds() = 7.0736e-05
READONLY_USER	<> runTimeSeconds() = 0.000228257
READONLY_USER	<> runTimeSeconds() = 0.000272298
READONLY_USER	<> Private constructor for write access called.
TreeDiff	<> Instantiating Config Manager with Write Access! (for TreeDiff) time=1718112604 runTimeSeconds()=0.000319452
TreeDiff	<> runTimeSeconds() = 0.000356203
ConfigurationGUISupervisor:280	<> Refreshing all table info, ignoring warnings...
admin	<> ======================================================== getAllTableInfo start runtime=0.7475
admin	<> Refreshing all! Extracting list of tables...
admin	<> Extracting list of tables complete.
admin	<> Now initializing...
admin	<> username_ = admin
admin	<> Destroying Configuration Key: 2
admin	<> Destroying Backbone Key: 4
admin	<> Destroying Context Key: 3
admin	<> ACTIVE_GROUPS_FILENAME = /home/mu2edaq/otsdaq_demo/srcs/otsdaq_demo/NoGitData/ServiceData/ActiveTableGroups.cfg
admin	<> ARTDAQ_DATABASE_URI = filesystemdb:///home/mu2edaq/otsdaq_demo/srcs/otsdaq_demo/NoGitDatabases/filesystemdb/test_db
admin	<> Ignoring warnings while loading and activating group 'testContext(3)'
TableBase-GroupCache_testContext	<> TableBase for 'GroupCache_testContext' constructed.
GROUP_CACHE-TEST_CONTEXTv-2	<> TableView copy for 'GROUP_CACHE-TEST_CONTEXT' done.
GROUP_CACHE-TEST_CONTEXTv3	<> TableView copy for 'GROUP_CACHE-TEST_CONTEXT' done.
admin	<> ------------------------------------- init start    	 [for all plug-ins in Context group 'testContext(3)']
admin	<> Errors detected while loading Table Group: testContext(3). Ignoring the following errors: 
|ConfigurationManager: /scratch/workspace/otsdaq-release-build/SLF7/s128-e20-prof/build/otsdaq/v2_08_00-buildFW/src/otsdaq/ConfigurationInterface/ConfigurationManager.cc:2630 |	At node 'XDAQApplicationTable' with entry UID 'FESupervisor' there is a disconnected child node at link column 'LinkToSupervisorTable' that points to table named 'FESupervisorTable' ...|ConfigurationManager: /scratch/workspace/otsdaq-release-build/SLF7/s128-e20-prof/build/otsdaq/v2_08_00-buildFW/src/otsdaq/ConfigurationInterface/ConfigurationManager.cc:2630 |	At node 'XDAQApplicationTable' with entry UID 'DataManagerSupervisor' there is a disconnected child node at link column 'LinkToSupervisorTable' that points to table named 'DataManagerSupervisorTable' ...|ConfigurationManager: /scratch/workspace/otsdaq-release-build/SLF7/s128-e20-prof/build/otsdaq/v2_08_00-buildFW/src/otsdaq/ConfigurationInterface/ConfigurationManager.cc:2630 |	At node 'XDAQApplicationTable' with entry UID 'VisualSupervisor' there is a disconnected child node at link column 'LinkToSupervisorTable' that points to table named 'DataManagerSupervisorTable' ...
admin	<>  PROCESSOR_COUNT 28 ==> 14 threads for initializing tables.
Fixing deprecated Supervisor class from ots::Supervisor to ots::GatewaySupervisor
admin	<> ------------------------------------- init complete 	 [for all plug-ins in Context group 'testContext(3)']
admin	<> Ignoring warnings while loading and activating group 'TableEditWizBackbone(4)'
TableBase-GroupCache_TableEditWizBackbone	<> TableBase for 'GroupCache_TableEditWizBackbone' constructed.
GROUP_CACHE-TABLE_EDIT_WIZ_BACKBONEv-2	<> TableView copy for 'GROUP_CACHE-TABLE_EDIT_WIZ_BACKBONE' done.
GROUP_CACHE-TABLE_EDIT_WIZ_BACKBONEv4	<> TableView copy for 'GROUP_CACHE-TABLE_EDIT_WIZ_BACKBONE' done.
admin	<> Ignoring that groupMetadataTable_ is missing for group 'TableEditWizBackbone(4). Going with anonymous defaults.
admin	<> ------------------------------------- init start    	 [for all plug-ins in Backbone group 'TableEditWizBackbone(4)']
admin	<>  PROCESSOR_COUNT 28 ==> 14 threads for initializing tables.
admin	<> ------------------------------------- init complete 	 [for all plug-ins in Backbone group 'TableEditWizBackbone(4)']
admin	<> Ignoring warnings while loading and activating group 'defaultConfig(2)'
TableBase-GroupCache_defaultConfig	<> TableBase for 'GroupCache_defaultConfig' constructed.
GROUP_CACHE-DEFAULT_CONFIGv-2	<> TableView copy for 'GROUP_CACHE-DEFAULT_CONFIG' done.
GROUP_CACHE-DEFAULT_CONFIGv2	<> TableView copy for 'GROUP_CACHE-DEFAULT_CONFIG' done.
admin	<> ------------------------------------- init start    	 [for all plug-ins in Configuration group 'defaultConfig(2)']
admin	<>  PROCESSOR_COUNT 28 ==> 14 threads for initializing tables.
admin	<> ------------------------------------- init complete 	 [for all plug-ins in Configuration group 'defaultConfig(2)']
admin	<> ======================================================== getAllTableInfo end runtime=0.890202
ConfigurationGUISupervisor:280	<> Using active groups.
StringMacros::mapToString(filterMap) = 
ConfigurationGUISupervisor:280	<> requestType: getTreeNodeCommonFields
ConfigurationGUISupervisor:280	<> tableGroup: 
ConfigurationGUISupervisor:280	<> tableGroupKey: -1
ConfigurationGUISupervisor:280	<> startPath: /DesktopIconTable
ConfigurationGUISupervisor:280	<> depth: -1
ConfigurationGUISupervisor:280	<> fieldList: 
ConfigurationGUISupervisor:280	<> recordList: FSM,Chat,Logbook,Visualizer,ConfigureGUI,FESubConfigGUI,DPSubConfigGUI,MacroMaker,ControlsDashboard,NOvALog,DBUtilities,Console,FEMacroTest,SmartLaunch,SystemDiagram
ConfigurationGUISupervisor:280	<> modifiedTables: 
ConfigurationGUISupervisor:280	<> Refreshing all table info, ignoring warnings...
admin	<> ======================================================== getAllTableInfo start runtime=0.904953
admin	<> Refreshing all! Extracting list of tables...
admin	<> Extracting list of tables complete.
admin	<> Now initializing...
admin	<> username_ = admin
admin	<> Destroying Configuration Key: 2
admin	<> Destroying Backbone Key: 4
admin	<> Destroying Context Key: 3
admin	<> ACTIVE_GROUPS_FILENAME = /home/mu2edaq/otsdaq_demo/srcs/otsdaq_demo/NoGitData/ServiceData/ActiveTableGroups.cfg
admin	<> ARTDAQ_DATABASE_URI = filesystemdb:///home/mu2edaq/otsdaq_demo/srcs/otsdaq_demo/NoGitDatabases/filesystemdb/test_db
admin	<> Ignoring warnings while loading and activating group 'testContext(3)'
TableBase-GroupCache_testContext	<> TableBase for 'GroupCache_testContext' constructed.
GROUP_CACHE-TEST_CONTEXTv-2	<> TableView copy for 'GROUP_CACHE-TEST_CONTEXT' done.
GROUP_CACHE-TEST_CONTEXTv3	<> TableView copy for 'GROUP_CACHE-TEST_CONTEXT' done.
admin	<> ------------------------------------- init start    	 [for all plug-ins in Context group 'testContext(3)']
admin	<> Errors detected while loading Table Group: testContext(3). Ignoring the following errors: 
|ConfigurationManager: /scratch/workspace/otsdaq-release-build/SLF7/s128-e20-prof/build/otsdaq/v2_08_00-buildFW/src/otsdaq/ConfigurationInterface/ConfigurationManager.cc:2630 |	At node 'XDAQApplicationTable' with entry UID 'FESupervisor' there is a disconnected child node at link column 'LinkToSupervisorTable' that points to table named 'FESupervisorTable' ...|ConfigurationManager: /scratch/workspace/otsdaq-release-build/SLF7/s128-e20-prof/build/otsdaq/v2_08_00-buildFW/src/otsdaq/ConfigurationInterface/ConfigurationManager.cc:2630 |	At node 'XDAQApplicationTable' with entry UID 'DataManagerSupervisor' there is a disconnected child node at link column 'LinkToSupervisorTable' that points to table named 'DataManagerSupervisorTable' ...|ConfigurationManager: /scratch/workspace/otsdaq-release-build/SLF7/s128-e20-prof/build/otsdaq/v2_08_00-buildFW/src/otsdaq/ConfigurationInterface/ConfigurationManager.cc:2630 |	At node 'XDAQApplicationTable' with entry UID 'VisualSupervisor' there is a disconnected child node at link column 'LinkToSupervisorTable' that points to table named 'DataManagerSupervisorTable' ...
admin	<>  PROCESSOR_COUNT 28 ==> 14 threads for initializing tables.
Fixing deprecated Supervisor class from ots::Supervisor to ots::GatewaySupervisor
admin	<> ------------------------------------- init complete 	 [for all plug-ins in Context group 'testContext(3)']
admin	<> Ignoring warnings while loading and activating group 'TableEditWizBackbone(4)'
TableBase-GroupCache_TableEditWizBackbone	<> TableBase for 'GroupCache_TableEditWizBackbone' constructed.
GROUP_CACHE-TABLE_EDIT_WIZ_BACKBONEv-2	<> TableView copy for 'GROUP_CACHE-TABLE_EDIT_WIZ_BACKBONE' done.
GROUP_CACHE-TABLE_EDIT_WIZ_BACKBONEv4	<> TableView copy for 'GROUP_CACHE-TABLE_EDIT_WIZ_BACKBONE' done.
admin	<> Ignoring that groupMetadataTable_ is missing for group 'TableEditWizBackbone(4). Going with anonymous defaults.
admin	<> ------------------------------------- init start    	 [for all plug-ins in Backbone group 'TableEditWizBackbone(4)']
admin	<>  PROCESSOR_COUNT 28 ==> 14 threads for initializing tables.
admin	<> ------------------------------------- init complete 	 [for all plug-ins in Backbone group 'TableEditWizBackbone(4)']
admin	<> Ignoring warnings while loading and activating group 'defaultConfig(2)'
TableBase-GroupCache_defaultConfig	<> TableBase for 'GroupCache_defaultConfig' constructed.
GROUP_CACHE-DEFAULT_CONFIGv-2	<> TableView copy for 'GROUP_CACHE-DEFAULT_CONFIG' done.
GROUP_CACHE-DEFAULT_CONFIGv2	<> TableView copy for 'GROUP_CACHE-DEFAULT_CONFIG' done.
admin	<> ------------------------------------- init start    	 [for all plug-ins in Configuration group 'defaultConfig(2)']
admin	<>  PROCESSOR_COUNT 28 ==> 14 threads for initializing tables.
admin	<> ------------------------------------- init complete 	 [for all plug-ins in Configuration group 'defaultConfig(2)']
admin	<> ======================================================== getAllTableInfo end runtime=1.04399
ConfigurationGUISupervisor:280	<> Using active groups.
ConfigurationGUISupervisor:280	<> FSM,Chat,Logbook,Visualizer,ConfigureGUI,FESubConfigGUI,DPSubConfigGUI,MacroMaker,ControlsDashboard,NOvALog,DBUtilities,Console,FEMacroTest,SmartLaunch,SystemDiagram
ConfigurationGUISupervisor:280	<> recordList FSM
ConfigurationGUISupervisor:280	<> recordList Chat
ConfigurationGUISupervisor:280	<> recordList Logbook
ConfigurationGUISupervisor:280	<> recordList Visualizer
ConfigurationGUISupervisor:280	<> recordList ConfigureGUI
ConfigurationGUISupervisor:280	<> recordList FESubConfigGUI
ConfigurationGUISupervisor:280	<> recordList DPSubConfigGUI
ConfigurationGUISupervisor:280	<> recordList MacroMaker
ConfigurationGUISupervisor:280	<> recordList ControlsDashboard
ConfigurationGUISupervisor:280	<> recordList NOvALog
ConfigurationGUISupervisor:280	<> recordList DBUtilities
ConfigurationGUISupervisor:280	<> recordList Console
ConfigurationGUISupervisor:280	<> recordList FEMacroTest
ConfigurationGUISupervisor:280	<> recordList SmartLaunch
ConfigurationGUISupervisor:280	<> recordList SystemDiagram
======================= check for count = 15
Checking Status = 15
Checking Caption = 15
Checking AlternateText = 15
Checking ForceOnlyOneInstance = 15
Checking RequiredPermissionLevel = 15
Checking ImageURL = 15
Checking WindowContentURL = 15
Checking LinkToApplicationTable = 15
Checking LinkToApplicationUID = 15
Checking LinkToParameterTable = 15
Checking LinkToParameterGroupID = 15
Checking FolderPath = 15
Checking CommentDescription = 15
Final Status
Final Caption
Final AlternateText
Final ForceOnlyOneInstance
Final RequiredPermissionLevel
Final ImageURL
Final WindowContentURL
Final LinkToApplicationTable
Final LinkToApplicationUID
Final LinkToParameterTable
Final LinkToParameterGroupID
Final FolderPath
Final CommentDescription
ConfigurationGUISupervisor:280	<> requestType: getTreeNodeFieldValues
ConfigurationGUISupervisor:280	<> tableGroup: 
ConfigurationGUISupervisor:280	<> tableGroupKey: -1
ConfigurationGUISupervisor:280	<> startPath: /DesktopIconTable
ConfigurationGUISupervisor:280	<> fieldList: Status,Caption,AlternateText,ForceOnlyOneInstance,RequiredPermissionLevel,ImageURL,WindowContentURL,LinkToApplicationTable,LinkToApplicationUID,LinkToParameterTable,LinkToParameterGroupID,FolderPath,CommentDescription
ConfigurationGUISupervisor:280	<> recordList: FSM
ConfigurationGUISupervisor:280	<> modifiedTables: 
ConfigurationGUISupervisor:280	<> Refreshing all table info, ignoring warnings...
admin	<> ======================================================== getAllTableInfo start runtime=1.10829
admin	<> Refreshing all! Extracting list of tables...
admin	<> Extracting list of tables complete.
admin	<> Now initializing...
admin	<> username_ = admin
admin	<> Destroying Configuration Key: 2
admin	<> Destroying Backbone Key: 4
admin	<> Destroying Context Key: 3
admin	<> ACTIVE_GROUPS_FILENAME = /home/mu2edaq/otsdaq_demo/srcs/otsdaq_demo/NoGitData/ServiceData/ActiveTableGroups.cfg
admin	<> ARTDAQ_DATABASE_URI = filesystemdb:///home/mu2edaq/otsdaq_demo/srcs/otsdaq_demo/NoGitDatabases/filesystemdb/test_db
admin	<> Ignoring warnings while loading and activating group 'testContext(3)'
TableBase-GroupCache_testContext	<> TableBase for 'GroupCache_testContext' constructed.
GROUP_CACHE-TEST_CONTEXTv-2	<> TableView copy for 'GROUP_CACHE-TEST_CONTEXT' done.
GROUP_CACHE-TEST_CONTEXTv3	<> TableView copy for 'GROUP_CACHE-TEST_CONTEXT' done.
admin	<> ------------------------------------- init start    	 [for all plug-ins in Context group 'testContext(3)']
admin	<> Errors detected while loading Table Group: testContext(3). Ignoring the following errors: 
|ConfigurationManager: /scratch/workspace/otsdaq-release-build/SLF7/s128-e20-prof/build/otsdaq/v2_08_00-buildFW/src/otsdaq/ConfigurationInterface/ConfigurationManager.cc:2630 |	At node 'XDAQApplicationTable' with entry UID 'FESupervisor' there is a disconnected child node at link column 'LinkToSupervisorTable' that points to table named 'FESupervisorTable' ...|ConfigurationManager: /scratch/workspace/otsdaq-release-build/SLF7/s128-e20-prof/build/otsdaq/v2_08_00-buildFW/src/otsdaq/ConfigurationInterface/ConfigurationManager.cc:2630 |	At node 'XDAQApplicationTable' with entry UID 'DataManagerSupervisor' there is a disconnected child node at link column 'LinkToSupervisorTable' that points to table named 'DataManagerSupervisorTable' ...|ConfigurationManager: /scratch/workspace/otsdaq-release-build/SLF7/s128-e20-prof/build/otsdaq/v2_08_00-buildFW/src/otsdaq/ConfigurationInterface/ConfigurationManager.cc:2630 |	At node 'XDAQApplicationTable' with entry UID 'VisualSupervisor' there is a disconnected child node at link column 'LinkToSupervisorTable' that points to table named 'DataManagerSupervisorTable' ...
admin	<>  PROCESSOR_COUNT 28 ==> 14 threads for initializing tables.
Fixing deprecated Supervisor class from ots::Supervisor to ots::GatewaySupervisor
admin	<> ------------------------------------- init complete 	 [for all plug-ins in Context group 'testContext(3)']
admin	<> Ignoring warnings while loading and activating group 'TableEditWizBackbone(4)'
TableBase-GroupCache_TableEditWizBackbone	<> TableBase for 'GroupCache_TableEditWizBackbone' constructed.
GROUP_CACHE-TABLE_EDIT_WIZ_BACKBONEv-2	<> TableView copy for 'GROUP_CACHE-TABLE_EDIT_WIZ_BACKBONE' done.
GROUP_CACHE-TABLE_EDIT_WIZ_BACKBONEv4	<> TableView copy for 'GROUP_CACHE-TABLE_EDIT_WIZ_BACKBONE' done.
admin	<> Ignoring that groupMetadataTable_ is missing for group 'TableEditWizBackbone(4). Going with anonymous defaults.
admin	<> ------------------------------------- init start    	 [for all plug-ins in Backbone group 'TableEditWizBackbone(4)']
admin	<>  PROCESSOR_COUNT 28 ==> 14 threads for initializing tables.
admin	<> ------------------------------------- init complete 	 [for all plug-ins in Backbone group 'TableEditWizBackbone(4)']
admin	<> Ignoring warnings while loading and activating group 'defaultConfig(2)'
TableBase-GroupCache_defaultConfig	<> TableBase for 'GroupCache_defaultConfig' constructed.
GROUP_CACHE-DEFAULT_CONFIGv-2	<> TableView copy for 'GROUP_CACHE-DEFAULT_CONFIG' done.
GROUP_CACHE-DEFAULT_CONFIGv2	<> TableView copy for 'GROUP_CACHE-DEFAULT_CONFIG' done.
admin	<> ------------------------------------- init start    	 [for all plug-ins in Configuration group 'defaultConfig(2)']
admin	<>  PROCESSOR_COUNT 28 ==> 14 threads for initializing tables.
admin	<> ------------------------------------- init complete 	 [for all plug-ins in Configuration group 'defaultConfig(2)']
admin	<> ======================================================== getAllTableInfo end runtime=1.24701
ConfigurationGUISupervisor:280	<> Using active groups.
ConfigurationGUISupervisor:280	<> Status,Caption,AlternateText,ForceOnlyOneInstance,RequiredPermissionLevel,ImageURL,WindowContentURL,LinkToApplicationTable,LinkToApplicationUID,LinkToParameterTable,LinkToParameterGroupID,FolderPath,CommentDescription
ConfigurationGUISupervisor:280	<> recordUID FSM
submittedSequence=fa37 1718112659
*** Successfully authenticated security sequence @ 1718112659
*** Successfully authenticated security sequence @ 1718112659
submittedSequence=fa37 1718112667
*** Successfully authenticated security sequence @ 1718112667
*** Successfully authenticated security sequence @ 1718112668
ConfigurationGUISupervisor:280	<> requestType: getContextMemberNames
ConfigurationGUISupervisor:280	<> requestType: getIterateMemberNames
***Successfully authenticated security sequence. 1718112723
requestType = getAppId
classNeedle = ots::CodeEditorSupervisor
ConfigurationGUISupervisor:280	<> requestType: getBackboneMemberNames
ConfigurationGUISupervisor:280	<> requestType: versionTracking
ConfigurationGUISupervisor:280	<> type: Get
ConfigurationGUISupervisor:280	<> requestType: getLastTableGroups
ActionOfLastGroup: Configured
Can't open file: /home/mu2edaq/otsdaq_demo/srcs/otsdaq_demo/NoGitData/ServiceData/RunControlData//FSMLastConfiguredGroupAlias.hist
Returning empty groupName and key -1
ActionOfLastGroup: Started
Can't open file: /home/mu2edaq/otsdaq_demo/srcs/otsdaq_demo/NoGitData/ServiceData/RunControlData//FSMLastStartedGroupAlias.hist
Returning empty groupName and key -1
ActionOfLastGroup: ActivatedConfig
Can't open file: /home/mu2edaq/otsdaq_demo/srcs/otsdaq_demo/NoGitData/ServiceData/RunControlData//CFGLastActivatedConfigGroup.hist
Returning empty groupName and key -1
ActionOfLastGroup: ActivatedContext
Can't open file: /home/mu2edaq/otsdaq_demo/srcs/otsdaq_demo/NoGitData/ServiceData/RunControlData//CFGLastActivatedContextGroup.hist
Returning empty groupName and key -1
ActionOfLastGroup: ActivatedBackbone
Can't open file: /home/mu2edaq/otsdaq_demo/srcs/otsdaq_demo/NoGitData/ServiceData/RunControlData//CFGLastActivatedBackboneGroup.hist
Returning empty groupName and key -1
ActionOfLastGroup: ActivatedIterator
Can't open file: /home/mu2edaq/otsdaq_demo/srcs/otsdaq_demo/NoGitData/ServiceData/RunControlData//CFGLastActivatedIteratorGroup.hist
Returning empty groupName and key -1
ConfigurationGUISupervisor:280	<> Ignoring errors in handling other subsystem active groups (assuming the subsystem information map is not setup in SubsystemUserDataPathsTable) -- here is the error: 
|ConfigurationManager: /scratch/workspace/otsdaq-release-build/SLF7/s128-e20-prof/build/otsdaq/v2_08_00-buildFW/src/otsdaq/ConfigurationInterface/ConfigurationManager.cc:2759 |	Can not find table named 'SubsystemUserDataPathsTable' - you need to load the table before it can be used. It probably is missing from the member list of the Table Group that was loaded.

You may need to enter wiz mode to remedy the situation, use the following:

	 StartOTS.sh --wiz





|StringMacros.cc: /scratch/workspace/otsdaq-release-build/SLF7/s128-e20-prof/build/otsdaq/v2_08_00-buildFW/src/otsdaq/Macros/StringMacros.cc:1180 |	ots::stackTrace:
[1] /cvmfs/fermilab.opensciencegrid.org/products/artdaq/otsdaq/v2_08_00/slf7.x86_64.e20.s128.prof/lib/libConfigurationInterface.so : ots::ConfigurationManager::getTableByName(std::__cxx11::basic_string<char, std::char_traits<char>, std::allocator<char> > const&) const+0x269 [0x7fc42545e769]
[2] /cvmfs/fermilab.opensciencegrid.org/products/artdaq/otsdaq/v2_08_00/slf7.x86_64.e20.s128.prof/lib/libConfigurationInterface.so : ots::ConfigurationManager::getNode(std::__cxx11::basic_string<char, std::char_traits<char>, std::allocator<char> > const&, bool) const+0x138 [0x7fc42546aa48]
[3] //cvmfs/fermilab.opensciencegrid.org/products/artdaq/otsdaq_utilities/v2_08_00/slf7.x86_64.e20.s128.prof/lib/libConfigurationGUI.so : ots::ConfigurationGUISupervisor::handleOtherSubsystemActiveGroups(ots::HttpXmlDocument&, ots::ConfigurationManagerRW*, bool, std::__cxx11::basic_string<char, std::char_traits<char>, std::allocator<char> >)+0x54 [0x7fc4348170f4]
[4] //cvmfs/fermilab.opensciencegrid.org/products/artdaq/otsdaq_utilities/v2_08_00/slf7.x86_64.e20.s128.prof/lib/libConfigurationGUI.so : ots::ConfigurationGUISupervisor::request(std::__cxx11::basic_string<char, std::char_traits<char>, std::allocator<char> > const&, cgicc::Cgicc&, ots::HttpXmlDocument&, ots::WebUsers::RequestUserInfo const&)+0x1d10e [0x7fc4348ddd9e]
[5] /cvmfs/fermilab.opensciencegrid.org/products/artdaq/otsdaq/v2_08_00/slf7.x86_64.e20.s128.prof/lib/libCoreSupervisors.so : ots::CoreSupervisorBase::requestWrapper(xgi::Input*, xgi::Output*)+0x40f [0x7fc434378c8f]
[6] //cvmfs/fermilab.opensciencegrid.org/products/artdaq/xdaq/v16_28_0_3/Linux64bit+3.10-2.17-e20-prof/lib/libexecutive.so : executive::XgiDispatcher::processIncomingMessage(xgi::Input*, xgi::Output*)+0x1de [0x7fc445aca41e]
[7] //cvmfs/fermilab.opensciencegrid.org/products/artdaq/xdaq/v16_28_0_3/Linux64bit+3.10-2.17-e20-prof/lib/libpthttp.so : pt::http::ReceiverLoop::onRequest(std::__cxx11::basic_string<char, std::char_traits<char>, std::allocator<char> > const&, std::__cxx11::basic_string<char, std::char_traits<char>, std::allocator<char> > const&)+0x3ee0 [0x7fc445613e60]
[8] //cvmfs/fermilab.opensciencegrid.org/products/artdaq/xdaq/v16_28_0_3/Linux64bit+3.10-2.17-e20-prof/lib/libpthttp.so : pt::http::ReceiverLoop::process(toolbox::task::WorkLoop*)+0x25c [0x7fc44561765c]
[9] /cvmfs/fermilab.opensciencegrid.org/products/artdaq/xdaq/v16_28_0_3/Linux64bit+3.10-2.17-e20-prof/lib/libtoolbox.so : toolbox::task::WaitingWorkLoop::process()+0x80 [0x7fc45f3e0970]
ConfigurationGUISupervisor:280	<> requestType: getGroupAliases
ConfigurationGUISupervisor:280	<> reloadActive: 0
TableBase-GroupCache_TableEditWizBackbone	<> TableBase for 'GroupCache_TableEditWizBackbone' constructed.
GROUP_CACHE-TABLE_EDIT_WIZ_BACKBONEv-2	<> TableView copy for 'GROUP_CACHE-TABLE_EDIT_WIZ_BACKBONE' done.
GROUP_CACHE-TABLE_EDIT_WIZ_BACKBONEv4	<> TableView copy for 'GROUP_CACHE-TABLE_EDIT_WIZ_BACKBONE' done.
admin	<> Ignoring that groupMetadataTable_ is missing for group 'TableEditWizBackbone(4). Going with anonymous defaults.
ConfigurationGUISupervisor:280	<> activeVersions["GroupAliasesTable"]=4
ConfigurationGUISupervisor:280	<>  PROCESSOR_COUNT 28 ==> 14 threads for alias group loads.
TableBase-GroupCache_defaultConfig	<> TableBase for 'GroupCache_defaultConfig' constructed.
GROUP_CACHE-DEFAULT_CONFIGv-2	<> TableView copy for 'GROUP_CACHE-DEFAULT_CONFIG' done.
GROUP_CACHE-DEFAULT_CONFIGv2	<> TableView copy for 'GROUP_CACHE-DEFAULT_CONFIG' done.
CodeEditorSupervisor:240	<> ApplicationDescriptor LID=240
CodeEditorSupervisor:240	<> Wiz mode detected. Skipping setup of supervisor properties for supervisor of class 'ots::CodeEditorSupervisor'
CodeEditorSupervisor:240	<> readOnly_ = 0
CodeEditorSupervisor:240	<> Final supervisor property settings:
CodeEditorSupervisor:240	<> 	AllowNoLoginRequestTypes = 
CodeEditorSupervisor:240	<> 	AutomatedRequestTypes = 
CodeEditorSupervisor:240	<> 	CheckUserLockRequestTypes = 
CodeEditorSupervisor:240	<> 	NoXmlWhiteSpaceRequestTypes = 
CodeEditorSupervisor:240	<> 	NonXMLRequestTypes = 
CodeEditorSupervisor:240	<> 	RequireSecurityRequestTypes = codeEditor
CodeEditorSupervisor:240	<> 	RequireUserLockRequestTypes = codeEditor
CodeEditorSupervisor:240	<> 	UserGroupsAllowed = 
CodeEditorSupervisor:240	<> 	UserGroupsDisallowed = 
CodeEditorSupervisor:240	<> 	UserPermissionsThreshold = *=1 | codeEditor=-1
User (@131.225.245.62) has attempted requestType 'codeEditor' which requires sufficient security enabled. Please enable the random wizard mode sequence of at least 8 characters.
Failed request (requestType = codeEditor): NoPermission
CodeEditorSupervisor:240	<> requestType: readOnlycodeEditor
option = getAllowedExtensions
CodeEditorSupervisor:240	<> requestType: readOnlycodeEditor
option = getDirectoryContent
path = /
fullpath = /
path = /
CodeEditor::SOURCE_BASE_PATH = /home/mu2edaq/otsdaq_demo/srcs/
Found 1 directories.
Found 1 files.
CodeEditorSupervisor:240	<> requestType: readOnlycodeEditor
option = getDirectoryContent
path = /
fullpath = /
path = /
CodeEditor::SOURCE_BASE_PATH = /home/mu2edaq/otsdaq_demo/srcs/
Found 1 directories.
Found 1 files.
CodeEditorSupervisor:240	<> requestType: readOnlycodeEditor
option = getDirectoryContent
path = /
fullpath = /
path = /
CodeEditor::SOURCE_BASE_PATH = /home/mu2edaq/otsdaq_demo/srcs/
Found 1 directories.
Found 1 files.
ConfigurationGUISupervisor:280	<> requestType: getTreeView
TableBase-TableGroupMetadata	<> Special table 'TableGroupMetadata' constructed. 1
READONLY_USER	<> runTimeSeconds() = 7.978e-05
READONLY_USER	<> runTimeSeconds() = 0.000138297
READONLY_USER	<> runTimeSeconds() = 0.000441936
READONLY_USER	<> runTimeSeconds() = 0.000491847
READONLY_USER	<> Private constructor for write access called.
TreeDiff	<> Instantiating Config Manager with Write Access! (for TreeDiff) time=1718112838 runTimeSeconds()=0.00055648
TreeDiff	<> runTimeSeconds() = 0.000609441
ConfigurationGUISupervisor:280	<> Refreshing all table info, ignoring warnings...
admin	<> ======================================================== getAllTableInfo start runtime=235.377
admin	<> Refreshing all! Extracting list of tables...
admin	<> Extracting list of tables complete.
admin	<> Now initializing...
admin	<> username_ = admin
admin	<> Destroying Configuration Key: 2
admin	<> Destroying Backbone Key: 4
admin	<> Destroying Context Key: 3
admin	<> ACTIVE_GROUPS_FILENAME = /home/mu2edaq/otsdaq_demo/srcs/otsdaq_demo/NoGitData/ServiceData/ActiveTableGroups.cfg
admin	<> ARTDAQ_DATABASE_URI = filesystemdb:///home/mu2edaq/otsdaq_demo/srcs/otsdaq_demo/NoGitDatabases/filesystemdb/test_db
admin	<> Ignoring warnings while loading and activating group 'testContext(3)'
TableBase-GroupCache_testContext	<> TableBase for 'GroupCache_testContext' constructed.
GROUP_CACHE-TEST_CONTEXTv-2	<> TableView copy for 'GROUP_CACHE-TEST_CONTEXT' done.
GROUP_CACHE-TEST_CONTEXTv3	<> TableView copy for 'GROUP_CACHE-TEST_CONTEXT' done.
admin	<> ------------------------------------- init start    	 [for all plug-ins in Context group 'testContext(3)']
admin	<> Errors detected while loading Table Group: testContext(3). Ignoring the following errors: 
|ConfigurationManager: /scratch/workspace/otsdaq-release-build/SLF7/s128-e20-prof/build/otsdaq/v2_08_00-buildFW/src/otsdaq/ConfigurationInterface/ConfigurationManager.cc:2630 |	At node 'XDAQApplicationTable' with entry UID 'FESupervisor' there is a disconnected child node at link column 'LinkToSupervisorTable' that points to table named 'FESupervisorTable' ...|ConfigurationManager: /scratch/workspace/otsdaq-release-build/SLF7/s128-e20-prof/build/otsdaq/v2_08_00-buildFW/src/otsdaq/ConfigurationInterface/ConfigurationManager.cc:2630 |	At node 'XDAQApplicationTable' with entry UID 'DataManagerSupervisor' there is a disconnected child node at link column 'LinkToSupervisorTable' that points to table named 'DataManagerSupervisorTable' ...|ConfigurationManager: /scratch/workspace/otsdaq-release-build/SLF7/s128-e20-prof/build/otsdaq/v2_08_00-buildFW/src/otsdaq/ConfigurationInterface/ConfigurationManager.cc:2630 |	At node 'XDAQApplicationTable' with entry UID 'VisualSupervisor' there is a disconnected child node at link column 'LinkToSupervisorTable' that points to table named 'DataManagerSupervisorTable' ...
admin	<>  PROCESSOR_COUNT 28 ==> 14 threads for initializing tables.
Fixing deprecated Supervisor class from ots::Supervisor to ots::GatewaySupervisor
admin	<> ------------------------------------- init complete 	 [for all plug-ins in Context group 'testContext(3)']
admin	<> Ignoring warnings while loading and activating group 'TableEditWizBackbone(4)'
TableBase-GroupCache_TableEditWizBackbone	<> TableBase for 'GroupCache_TableEditWizBackbone' constructed.
GROUP_CACHE-TABLE_EDIT_WIZ_BACKBONEv-2	<> TableView copy for 'GROUP_CACHE-TABLE_EDIT_WIZ_BACKBONE' done.
GROUP_CACHE-TABLE_EDIT_WIZ_BACKBONEv4	<> TableView copy for 'GROUP_CACHE-TABLE_EDIT_WIZ_BACKBONE' done.
admin	<> Ignoring that groupMetadataTable_ is missing for group 'TableEditWizBackbone(4). Going with anonymous defaults.
admin	<> ------------------------------------- init start    	 [for all plug-ins in Backbone group 'TableEditWizBackbone(4)']
admin	<>  PROCESSOR_COUNT 28 ==> 14 threads for initializing tables.
admin	<> ------------------------------------- init complete 	 [for all plug-ins in Backbone group 'TableEditWizBackbone(4)']
admin	<> Ignoring warnings while loading and activating group 'defaultConfig(2)'
TableBase-GroupCache_defaultConfig	<> TableBase for 'GroupCache_defaultConfig' constructed.
GROUP_CACHE-DEFAULT_CONFIGv-2	<> TableView copy for 'GROUP_CACHE-DEFAULT_CONFIG' done.
GROUP_CACHE-DEFAULT_CONFIGv2	<> TableView copy for 'GROUP_CACHE-DEFAULT_CONFIG' done.
admin	<> ------------------------------------- init start    	 [for all plug-ins in Configuration group 'defaultConfig(2)']
admin	<>  PROCESSOR_COUNT 28 ==> 14 threads for initializing tables.
admin	<> ------------------------------------- init complete 	 [for all plug-ins in Configuration group 'defaultConfig(2)']
admin	<> ======================================================== getAllTableInfo end runtime=235.563
ConfigurationGUISupervisor:280	<> Using active groups.
StringMacros::mapToString(filterMap) = 
ConfigurationGUISupervisor:280	<> requestType: getUniqueFieldValuesForRecords
ConfigurationGUISupervisor:280	<> tableGroup: 
ConfigurationGUISupervisor:280	<> tableGroupKey: -1
ConfigurationGUISupervisor:280	<> startPath: /DesktopIconTable
ConfigurationGUISupervisor:280	<> fieldList: Status,ForceOnlyOneInstance,RequiredPermissionLevel
ConfigurationGUISupervisor:280	<> recordList: FSM,Chat,Logbook,Visualizer,ConfigureGUI,FESubConfigGUI,DPSubConfigGUI,MacroMaker,ControlsDashboard,NOvALog,DBUtilities,Console,FEMacroTest,SmartLaunch,SystemDiagram
ConfigurationGUISupervisor:280	<> modifiedTables: 
ConfigurationGUISupervisor:280	<> Refreshing all table info, ignoring warnings...
admin	<> ======================================================== getAllTableInfo start runtime=235.578
admin	<> Refreshing all! Extracting list of tables...
admin	<> Extracting list of tables complete.
admin	<> Now initializing...
admin	<> username_ = admin
admin	<> Destroying Configuration Key: 2
admin	<> Destroying Backbone Key: 4
admin	<> Destroying Context Key: 3
admin	<> ACTIVE_GROUPS_FILENAME = /home/mu2edaq/otsdaq_demo/srcs/otsdaq_demo/NoGitData/ServiceData/ActiveTableGroups.cfg
admin	<> ARTDAQ_DATABASE_URI = filesystemdb:///home/mu2edaq/otsdaq_demo/srcs/otsdaq_demo/NoGitDatabases/filesystemdb/test_db
admin	<> Ignoring warnings while loading and activating group 'testContext(3)'
TableBase-GroupCache_testContext	<> TableBase for 'GroupCache_testContext' constructed.
GROUP_CACHE-TEST_CONTEXTv-2	<> TableView copy for 'GROUP_CACHE-TEST_CONTEXT' done.
GROUP_CACHE-TEST_CONTEXTv3	<> TableView copy for 'GROUP_CACHE-TEST_CONTEXT' done.
admin	<> ------------------------------------- init start    	 [for all plug-ins in Context group 'testContext(3)']
admin	<> Errors detected while loading Table Group: testContext(3). Ignoring the following errors: 
|ConfigurationManager: /scratch/workspace/otsdaq-release-build/SLF7/s128-e20-prof/build/otsdaq/v2_08_00-buildFW/src/otsdaq/ConfigurationInterface/ConfigurationManager.cc:2630 |	At node 'XDAQApplicationTable' with entry UID 'FESupervisor' there is a disconnected child node at link column 'LinkToSupervisorTable' that points to table named 'FESupervisorTable' ...|ConfigurationManager: /scratch/workspace/otsdaq-release-build/SLF7/s128-e20-prof/build/otsdaq/v2_08_00-buildFW/src/otsdaq/ConfigurationInterface/ConfigurationManager.cc:2630 |	At node 'XDAQApplicationTable' with entry UID 'DataManagerSupervisor' there is a disconnected child node at link column 'LinkToSupervisorTable' that points to table named 'DataManagerSupervisorTable' ...|ConfigurationManager: /scratch/workspace/otsdaq-release-build/SLF7/s128-e20-prof/build/otsdaq/v2_08_00-buildFW/src/otsdaq/ConfigurationInterface/ConfigurationManager.cc:2630 |	At node 'XDAQApplicationTable' with entry UID 'VisualSupervisor' there is a disconnected child node at link column 'LinkToSupervisorTable' that points to table named 'DataManagerSupervisorTable' ...
admin	<>  PROCESSOR_COUNT 28 ==> 14 threads for initializing tables.
Fixing deprecated Supervisor class from ots::Supervisor to ots::GatewaySupervisor
admin	<> ------------------------------------- init complete 	 [for all plug-ins in Context group 'testContext(3)']
admin	<> Ignoring warnings while loading and activating group 'TableEditWizBackbone(4)'
TableBase-GroupCache_TableEditWizBackbone	<> TableBase for 'GroupCache_TableEditWizBackbone' constructed.
GROUP_CACHE-TABLE_EDIT_WIZ_BACKBONEv-2	<> TableView copy for 'GROUP_CACHE-TABLE_EDIT_WIZ_BACKBONE' done.
GROUP_CACHE-TABLE_EDIT_WIZ_BACKBONEv4	<> TableView copy for 'GROUP_CACHE-TABLE_EDIT_WIZ_BACKBONE' done.
admin	<> Ignoring that groupMetadataTable_ is missing for group 'TableEditWizBackbone(4). Going with anonymous defaults.
admin	<> ------------------------------------- init start    	 [for all plug-ins in Backbone group 'TableEditWizBackbone(4)']
admin	<>  PROCESSOR_COUNT 28 ==> 14 threads for initializing tables.
admin	<> ------------------------------------- init complete 	 [for all plug-ins in Backbone group 'TableEditWizBackbone(4)']
admin	<> Ignoring warnings while loading and activating group 'defaultConfig(2)'
TableBase-GroupCache_defaultConfig	<> TableBase for 'GroupCache_defaultConfig' constructed.
GROUP_CACHE-DEFAULT_CONFIGv-2	<> TableView copy for 'GROUP_CACHE-DEFAULT_CONFIG' done.
GROUP_CACHE-DEFAULT_CONFIGv2	<> TableView copy for 'GROUP_CACHE-DEFAULT_CONFIG' done.
admin	<> ------------------------------------- init start    	 [for all plug-ins in Configuration group 'defaultConfig(2)']
admin	<>  PROCESSOR_COUNT 28 ==> 14 threads for initializing tables.
admin	<> ------------------------------------- init complete 	 [for all plug-ins in Configuration group 'defaultConfig(2)']
admin	<> ======================================================== getAllTableInfo end runtime=235.717
ConfigurationGUISupervisor:280	<> Using active groups.
ConfigurationGUISupervisor:280	<> FSM,Chat,Logbook,Visualizer,ConfigureGUI,FESubConfigGUI,DPSubConfigGUI,MacroMaker,ControlsDashboard,NOvALog,DBUtilities,Console,FEMacroTest,SmartLaunch,SystemDiagram
ConfigurationGUISupervisor:280	<> recordList FSM
ConfigurationGUISupervisor:280	<> recordList Chat
ConfigurationGUISupervisor:280	<> recordList Logbook
ConfigurationGUISupervisor:280	<> recordList Visualizer
ConfigurationGUISupervisor:280	<> recordList ConfigureGUI
ConfigurationGUISupervisor:280	<> recordList FESubConfigGUI
ConfigurationGUISupervisor:280	<> recordList DPSubConfigGUI
ConfigurationGUISupervisor:280	<> recordList MacroMaker
ConfigurationGUISupervisor:280	<> recordList ControlsDashboard
ConfigurationGUISupervisor:280	<> recordList NOvALog
ConfigurationGUISupervisor:280	<> recordList DBUtilities
ConfigurationGUISupervisor:280	<> recordList Console
ConfigurationGUISupervisor:280	<> recordList FEMacroTest
ConfigurationGUISupervisor:280	<> recordList SmartLaunch
ConfigurationGUISupervisor:280	<> recordList SystemDiagram
ConfigurationGUISupervisor:280	<> fieldList = Status,ForceOnlyOneInstance,RequiredPermissionLevel
ConfigurationGUISupervisor:280	<> StringMacros::vectorToString(fieldsToGet) = Status, ForceOnlyOneInstance, RequiredPermissionLevel
ConfigurationGUISupervisor:280	<> field = Status
ConfigurationGUISupervisor:280	<> uniqueValue Off
ConfigurationGUISupervisor:280	<> uniqueValue On
ConfigurationGUISupervisor:280	<> field = ForceOnlyOneInstance
ConfigurationGUISupervisor:280	<> uniqueValue False
ConfigurationGUISupervisor:280	<> uniqueValue True
ConfigurationGUISupervisor:280	<> field = RequiredPermissionLevel
ConfigurationGUISupervisor:280	<> uniqueValue 1
ConfigurationGUISupervisor:280	<> uniqueValue 10
ConfigurationGUISupervisor:280	<> uniqueValue 255
ConfigurationGUISupervisor:280	<> requestType: getTreeNodeCommonFields
ConfigurationGUISupervisor:280	<> tableGroup: 
ConfigurationGUISupervisor:280	<> tableGroupKey: -1
ConfigurationGUISupervisor:280	<> startPath: /DesktopIconTable
ConfigurationGUISupervisor:280	<> depth: -1
ConfigurationGUISupervisor:280	<> fieldList: 
ConfigurationGUISupervisor:280	<> recordList: FSM,Chat,Logbook,Visualizer,ConfigureGUI,FESubConfigGUI,DPSubConfigGUI,MacroMaker,ControlsDashboard,NOvALog,DBUtilities,Console,FEMacroTest,SmartLaunch,SystemDiagram
ConfigurationGUISupervisor:280	<> modifiedTables: 
ConfigurationGUISupervisor:280	<> Refreshing all table info, ignoring warnings...
admin	<> ======================================================== getAllTableInfo start runtime=235.771
admin	<> Refreshing all! Extracting list of tables...
admin	<> Extracting list of tables complete.
admin	<> Now initializing...
admin	<> username_ = admin
admin	<> Destroying Configuration Key: 2
admin	<> Destroying Backbone Key: 4
admin	<> Destroying Context Key: 3
admin	<> ACTIVE_GROUPS_FILENAME = /home/mu2edaq/otsdaq_demo/srcs/otsdaq_demo/NoGitData/ServiceData/ActiveTableGroups.cfg
admin	<> ARTDAQ_DATABASE_URI = filesystemdb:///home/mu2edaq/otsdaq_demo/srcs/otsdaq_demo/NoGitDatabases/filesystemdb/test_db
admin	<> Ignoring warnings while loading and activating group 'testContext(3)'
TableBase-GroupCache_testContext	<> TableBase for 'GroupCache_testContext' constructed.
GROUP_CACHE-TEST_CONTEXTv-2	<> TableView copy for 'GROUP_CACHE-TEST_CONTEXT' done.
GROUP_CACHE-TEST_CONTEXTv3	<> TableView copy for 'GROUP_CACHE-TEST_CONTEXT' done.
admin	<> ------------------------------------- init start    	 [for all plug-ins in Context group 'testContext(3)']
admin	<> Errors detected while loading Table Group: testContext(3). Ignoring the following errors: 
|ConfigurationManager: /scratch/workspace/otsdaq-release-build/SLF7/s128-e20-prof/build/otsdaq/v2_08_00-buildFW/src/otsdaq/ConfigurationInterface/ConfigurationManager.cc:2630 |	At node 'XDAQApplicationTable' with entry UID 'FESupervisor' there is a disconnected child node at link column 'LinkToSupervisorTable' that points to table named 'FESupervisorTable' ...|ConfigurationManager: /scratch/workspace/otsdaq-release-build/SLF7/s128-e20-prof/build/otsdaq/v2_08_00-buildFW/src/otsdaq/ConfigurationInterface/ConfigurationManager.cc:2630 |	At node 'XDAQApplicationTable' with entry UID 'DataManagerSupervisor' there is a disconnected child node at link column 'LinkToSupervisorTable' that points to table named 'DataManagerSupervisorTable' ...|ConfigurationManager: /scratch/workspace/otsdaq-release-build/SLF7/s128-e20-prof/build/otsdaq/v2_08_00-buildFW/src/otsdaq/ConfigurationInterface/ConfigurationManager.cc:2630 |	At node 'XDAQApplicationTable' with entry UID 'VisualSupervisor' there is a disconnected child node at link column 'LinkToSupervisorTable' that points to table named 'DataManagerSupervisorTable' ...
admin	<>  PROCESSOR_COUNT 28 ==> 14 threads for initializing tables.
Fixing deprecated Supervisor class from ots::Supervisor to ots::GatewaySupervisor
admin	<> ------------------------------------- init complete 	 [for all plug-ins in Context group 'testContext(3)']
admin	<> Ignoring warnings while loading and activating group 'TableEditWizBackbone(4)'
TableBase-GroupCache_TableEditWizBackbone	<> TableBase for 'GroupCache_TableEditWizBackbone' constructed.
GROUP_CACHE-TABLE_EDIT_WIZ_BACKBONEv-2	<> TableView copy for 'GROUP_CACHE-TABLE_EDIT_WIZ_BACKBONE' done.
GROUP_CACHE-TABLE_EDIT_WIZ_BACKBONEv4	<> TableView copy for 'GROUP_CACHE-TABLE_EDIT_WIZ_BACKBONE' done.
admin	<> Ignoring that groupMetadataTable_ is missing for group 'TableEditWizBackbone(4). Going with anonymous defaults.
admin	<> ------------------------------------- init start    	 [for all plug-ins in Backbone group 'TableEditWizBackbone(4)']
admin	<>  PROCESSOR_COUNT 28 ==> 14 threads for initializing tables.
admin	<> ------------------------------------- init complete 	 [for all plug-ins in Backbone group 'TableEditWizBackbone(4)']
admin	<> Ignoring warnings while loading and activating group 'defaultConfig(2)'
TableBase-GroupCache_defaultConfig	<> TableBase for 'GroupCache_defaultConfig' constructed.
GROUP_CACHE-DEFAULT_CONFIGv-2	<> TableView copy for 'GROUP_CACHE-DEFAULT_CONFIG' done.
GROUP_CACHE-DEFAULT_CONFIGv2	<> TableView copy for 'GROUP_CACHE-DEFAULT_CONFIG' done.
admin	<> ------------------------------------- init start    	 [for all plug-ins in Configuration group 'defaultConfig(2)']
admin	<>  PROCESSOR_COUNT 28 ==> 14 threads for initializing tables.
admin	<> ------------------------------------- init complete 	 [for all plug-ins in Configuration group 'defaultConfig(2)']
admin	<> ======================================================== getAllTableInfo end runtime=235.908
ConfigurationGUISupervisor:280	<> Using active groups.
ConfigurationGUISupervisor:280	<> FSM,Chat,Logbook,Visualizer,ConfigureGUI,FESubConfigGUI,DPSubConfigGUI,MacroMaker,ControlsDashboard,NOvALog,DBUtilities,Console,FEMacroTest,SmartLaunch,SystemDiagram
ConfigurationGUISupervisor:280	<> recordList FSM
ConfigurationGUISupervisor:280	<> recordList Chat
ConfigurationGUISupervisor:280	<> recordList Logbook
ConfigurationGUISupervisor:280	<> recordList Visualizer
ConfigurationGUISupervisor:280	<> recordList ConfigureGUI
ConfigurationGUISupervisor:280	<> recordList FESubConfigGUI
ConfigurationGUISupervisor:280	<> recordList DPSubConfigGUI
ConfigurationGUISupervisor:280	<> recordList MacroMaker
ConfigurationGUISupervisor:280	<> recordList ControlsDashboard
ConfigurationGUISupervisor:280	<> recordList NOvALog
ConfigurationGUISupervisor:280	<> recordList DBUtilities
ConfigurationGUISupervisor:280	<> recordList Console
ConfigurationGUISupervisor:280	<> recordList FEMacroTest
ConfigurationGUISupervisor:280	<> recordList SmartLaunch
ConfigurationGUISupervisor:280	<> recordList SystemDiagram
======================= check for count = 15
Checking Status = 15
Checking Caption = 15
Checking AlternateText = 15
Checking ForceOnlyOneInstance = 15
Checking RequiredPermissionLevel = 15
Checking ImageURL = 15
Checking WindowContentURL = 15
Checking LinkToApplicationTable = 15
Checking LinkToApplicationUID = 15
Checking LinkToParameterTable = 15
Checking LinkToParameterGroupID = 15
Checking FolderPath = 15
Checking CommentDescription = 15
Final Status
Final Caption
Final AlternateText
Final ForceOnlyOneInstance
Final RequiredPermissionLevel
Final ImageURL
Final WindowContentURL
Final LinkToApplicationTable
Final LinkToApplicationUID
Final LinkToParameterTable
Final LinkToParameterGroupID
Final FolderPath
Final CommentDescription
ConfigurationGUISupervisor:280	<> requestType: getTreeView
TableBase-TableGroupMetadata	<> Special table 'TableGroupMetadata' constructed. 1
READONLY_USER	<> runTimeSeconds() = 3.8024e-05
READONLY_USER	<> runTimeSeconds() = 7.3214e-05
READONLY_USER	<> runTimeSeconds() = 0.000230928
READONLY_USER	<> runTimeSeconds() = 0.000265464
READONLY_USER	<> Private constructor for write access called.
TreeDiff	<> Instantiating Config Manager with Write Access! (for TreeDiff) time=1718112839 runTimeSeconds()=0.000311682
TreeDiff	<> runTimeSeconds() = 0.000343742
ConfigurationGUISupervisor:280	<> Refreshing all table info, ignoring warnings...
admin	<> ======================================================== getAllTableInfo start runtime=235.925
admin	<> Refreshing all! Extracting list of tables...
admin	<> Extracting list of tables complete.
admin	<> Now initializing...
admin	<> username_ = admin
admin	<> Destroying Configuration Key: 2
admin	<> Destroying Backbone Key: 4
admin	<> Destroying Context Key: 3
admin	<> ACTIVE_GROUPS_FILENAME = /home/mu2edaq/otsdaq_demo/srcs/otsdaq_demo/NoGitData/ServiceData/ActiveTableGroups.cfg
admin	<> ARTDAQ_DATABASE_URI = filesystemdb:///home/mu2edaq/otsdaq_demo/srcs/otsdaq_demo/NoGitDatabases/filesystemdb/test_db
admin	<> Ignoring warnings while loading and activating group 'testContext(3)'
TableBase-GroupCache_testContext	<> TableBase for 'GroupCache_testContext' constructed.
GROUP_CACHE-TEST_CONTEXTv-2	<> TableView copy for 'GROUP_CACHE-TEST_CONTEXT' done.
GROUP_CACHE-TEST_CONTEXTv3	<> TableView copy for 'GROUP_CACHE-TEST_CONTEXT' done.
admin	<> ------------------------------------- init start    	 [for all plug-ins in Context group 'testContext(3)']
admin	<> Errors detected while loading Table Group: testContext(3). Ignoring the following errors: 
|ConfigurationManager: /scratch/workspace/otsdaq-release-build/SLF7/s128-e20-prof/build/otsdaq/v2_08_00-buildFW/src/otsdaq/ConfigurationInterface/ConfigurationManager.cc:2630 |	At node 'XDAQApplicationTable' with entry UID 'FESupervisor' there is a disconnected child node at link column 'LinkToSupervisorTable' that points to table named 'FESupervisorTable' ...|ConfigurationManager: /scratch/workspace/otsdaq-release-build/SLF7/s128-e20-prof/build/otsdaq/v2_08_00-buildFW/src/otsdaq/ConfigurationInterface/ConfigurationManager.cc:2630 |	At node 'XDAQApplicationTable' with entry UID 'DataManagerSupervisor' there is a disconnected child node at link column 'LinkToSupervisorTable' that points to table named 'DataManagerSupervisorTable' ...|ConfigurationManager: /scratch/workspace/otsdaq-release-build/SLF7/s128-e20-prof/build/otsdaq/v2_08_00-buildFW/src/otsdaq/ConfigurationInterface/ConfigurationManager.cc:2630 |	At node 'XDAQApplicationTable' with entry UID 'VisualSupervisor' there is a disconnected child node at link column 'LinkToSupervisorTable' that points to table named 'DataManagerSupervisorTable' ...
admin	<>  PROCESSOR_COUNT 28 ==> 14 threads for initializing tables.
Fixing deprecated Supervisor class from ots::Supervisor to ots::GatewaySupervisor
admin	<> ------------------------------------- init complete 	 [for all plug-ins in Context group 'testContext(3)']
admin	<> Ignoring warnings while loading and activating group 'TableEditWizBackbone(4)'
TableBase-GroupCache_TableEditWizBackbone	<> TableBase for 'GroupCache_TableEditWizBackbone' constructed.
GROUP_CACHE-TABLE_EDIT_WIZ_BACKBONEv-2	<> TableView copy for 'GROUP_CACHE-TABLE_EDIT_WIZ_BACKBONE' done.
GROUP_CACHE-TABLE_EDIT_WIZ_BACKBONEv4	<> TableView copy for 'GROUP_CACHE-TABLE_EDIT_WIZ_BACKBONE' done.
admin	<> Ignoring that groupMetadataTable_ is missing for group 'TableEditWizBackbone(4). Going with anonymous defaults.
admin	<> ------------------------------------- init start    	 [for all plug-ins in Backbone group 'TableEditWizBackbone(4)']
admin	<>  PROCESSOR_COUNT 28 ==> 14 threads for initializing tables.
admin	<> ------------------------------------- init complete 	 [for all plug-ins in Backbone group 'TableEditWizBackbone(4)']
admin	<> Ignoring warnings while loading and activating group 'defaultConfig(2)'
TableBase-GroupCache_defaultConfig	<> TableBase for 'GroupCache_defaultConfig' constructed.
GROUP_CACHE-DEFAULT_CONFIGv-2	<> TableView copy for 'GROUP_CACHE-DEFAULT_CONFIG' done.
GROUP_CACHE-DEFAULT_CONFIGv2	<> TableView copy for 'GROUP_CACHE-DEFAULT_CONFIG' done.
admin	<> ------------------------------------- init start    	 [for all plug-ins in Configuration group 'defaultConfig(2)']
admin	<>  PROCESSOR_COUNT 28 ==> 14 threads for initializing tables.
admin	<> ------------------------------------- init complete 	 [for all plug-ins in Configuration group 'defaultConfig(2)']
admin	<> ======================================================== getAllTableInfo end runtime=236.067
ConfigurationGUISupervisor:280	<> Using active groups.
StringMacros::mapToString(filterMap) = 
ConfigurationGUISupervisor:280	<> requestType: getTreeNodeCommonFields
ConfigurationGUISupervisor:280	<> tableGroup: 
ConfigurationGUISupervisor:280	<> tableGroupKey: -1
ConfigurationGUISupervisor:280	<> startPath: /DesktopIconTable
ConfigurationGUISupervisor:280	<> depth: -1
ConfigurationGUISupervisor:280	<> fieldList: 
ConfigurationGUISupervisor:280	<> recordList: FSM,Chat,Logbook,Visualizer,ConfigureGUI,FESubConfigGUI,DPSubConfigGUI,MacroMaker,ControlsDashboard,NOvALog,DBUtilities,Console,FEMacroTest,SmartLaunch,SystemDiagram
ConfigurationGUISupervisor:280	<> modifiedTables: 
ConfigurationGUISupervisor:280	<> Refreshing all table info, ignoring warnings...
admin	<> ======================================================== getAllTableInfo start runtime=236.123
admin	<> Refreshing all! Extracting list of tables...
admin	<> Extracting list of tables complete.
admin	<> Now initializing...
admin	<> username_ = admin
admin	<> Destroying Configuration Key: 2
admin	<> Destroying Backbone Key: 4
admin	<> Destroying Context Key: 3
admin	<> ACTIVE_GROUPS_FILENAME = /home/mu2edaq/otsdaq_demo/srcs/otsdaq_demo/NoGitData/ServiceData/ActiveTableGroups.cfg
admin	<> ARTDAQ_DATABASE_URI = filesystemdb:///home/mu2edaq/otsdaq_demo/srcs/otsdaq_demo/NoGitDatabases/filesystemdb/test_db
admin	<> Ignoring warnings while loading and activating group 'testContext(3)'
TableBase-GroupCache_testContext	<> TableBase for 'GroupCache_testContext' constructed.
GROUP_CACHE-TEST_CONTEXTv-2	<> TableView copy for 'GROUP_CACHE-TEST_CONTEXT' done.
GROUP_CACHE-TEST_CONTEXTv3	<> TableView copy for 'GROUP_CACHE-TEST_CONTEXT' done.
admin	<> ------------------------------------- init start    	 [for all plug-ins in Context group 'testContext(3)']
admin	<> Errors detected while loading Table Group: testContext(3). Ignoring the following errors: 
|ConfigurationManager: /scratch/workspace/otsdaq-release-build/SLF7/s128-e20-prof/build/otsdaq/v2_08_00-buildFW/src/otsdaq/ConfigurationInterface/ConfigurationManager.cc:2630 |	At node 'XDAQApplicationTable' with entry UID 'FESupervisor' there is a disconnected child node at link column 'LinkToSupervisorTable' that points to table named 'FESupervisorTable' ...|ConfigurationManager: /scratch/workspace/otsdaq-release-build/SLF7/s128-e20-prof/build/otsdaq/v2_08_00-buildFW/src/otsdaq/ConfigurationInterface/ConfigurationManager.cc:2630 |	At node 'XDAQApplicationTable' with entry UID 'DataManagerSupervisor' there is a disconnected child node at link column 'LinkToSupervisorTable' that points to table named 'DataManagerSupervisorTable' ...|ConfigurationManager: /scratch/workspace/otsdaq-release-build/SLF7/s128-e20-prof/build/otsdaq/v2_08_00-buildFW/src/otsdaq/ConfigurationInterface/ConfigurationManager.cc:2630 |	At node 'XDAQApplicationTable' with entry UID 'VisualSupervisor' there is a disconnected child node at link column 'LinkToSupervisorTable' that points to table named 'DataManagerSupervisorTable' ...
admin	<>  PROCESSOR_COUNT 28 ==> 14 threads for initializing tables.
Fixing deprecated Supervisor class from ots::Supervisor to ots::GatewaySupervisor
admin	<> ------------------------------------- init complete 	 [for all plug-ins in Context group 'testContext(3)']
admin	<> Ignoring warnings while loading and activating group 'TableEditWizBackbone(4)'
TableBase-GroupCache_TableEditWizBackbone	<> TableBase for 'GroupCache_TableEditWizBackbone' constructed.
GROUP_CACHE-TABLE_EDIT_WIZ_BACKBONEv-2	<> TableView copy for 'GROUP_CACHE-TABLE_EDIT_WIZ_BACKBONE' done.
GROUP_CACHE-TABLE_EDIT_WIZ_BACKBONEv4	<> TableView copy for 'GROUP_CACHE-TABLE_EDIT_WIZ_BACKBONE' done.
admin	<> Ignoring that groupMetadataTable_ is missing for group 'TableEditWizBackbone(4). Going with anonymous defaults.
admin	<> ------------------------------------- init start    	 [for all plug-ins in Backbone group 'TableEditWizBackbone(4)']
admin	<>  PROCESSOR_COUNT 28 ==> 14 threads for initializing tables.
admin	<> ------------------------------------- init complete 	 [for all plug-ins in Backbone group 'TableEditWizBackbone(4)']
admin	<> Ignoring warnings while loading and activating group 'defaultConfig(2)'
TableBase-GroupCache_defaultConfig	<> TableBase for 'GroupCache_defaultConfig' constructed.
GROUP_CACHE-DEFAULT_CONFIGv-2	<> TableView copy for 'GROUP_CACHE-DEFAULT_CONFIG' done.
GROUP_CACHE-DEFAULT_CONFIGv2	<> TableView copy for 'GROUP_CACHE-DEFAULT_CONFIG' done.
admin	<> ------------------------------------- init start    	 [for all plug-ins in Configuration group 'defaultConfig(2)']
admin	<>  PROCESSOR_COUNT 28 ==> 14 threads for initializing tables.
admin	<> ------------------------------------- init complete 	 [for all plug-ins in Configuration group 'defaultConfig(2)']
admin	<> ======================================================== getAllTableInfo end runtime=236.262
ConfigurationGUISupervisor:280	<> Using active groups.
ConfigurationGUISupervisor:280	<> FSM,Chat,Logbook,Visualizer,ConfigureGUI,FESubConfigGUI,DPSubConfigGUI,MacroMaker,ControlsDashboard,NOvALog,DBUtilities,Console,FEMacroTest,SmartLaunch,SystemDiagram
ConfigurationGUISupervisor:280	<> recordList FSM
ConfigurationGUISupervisor:280	<> recordList Chat
ConfigurationGUISupervisor:280	<> recordList Logbook
ConfigurationGUISupervisor:280	<> recordList Visualizer
ConfigurationGUISupervisor:280	<> recordList ConfigureGUI
ConfigurationGUISupervisor:280	<> recordList FESubConfigGUI
ConfigurationGUISupervisor:280	<> recordList DPSubConfigGUI
ConfigurationGUISupervisor:280	<> recordList MacroMaker
ConfigurationGUISupervisor:280	<> recordList ControlsDashboard
ConfigurationGUISupervisor:280	<> recordList NOvALog
ConfigurationGUISupervisor:280	<> recordList DBUtilities
ConfigurationGUISupervisor:280	<> recordList Console
ConfigurationGUISupervisor:280	<> recordList FEMacroTest
ConfigurationGUISupervisor:280	<> recordList SmartLaunch
ConfigurationGUISupervisor:280	<> recordList SystemDiagram
======================= check for count = 15
Checking Status = 15
Checking Caption = 15
Checking AlternateText = 15
Checking ForceOnlyOneInstance = 15
Checking RequiredPermissionLevel = 15
Checking ImageURL = 15
Checking WindowContentURL = 15
Checking LinkToApplicationTable = 15
Checking LinkToApplicationUID = 15
Checking LinkToParameterTable = 15
Checking LinkToParameterGroupID = 15
Checking FolderPath = 15
Checking CommentDescription = 15
Final Status
Final Caption
Final AlternateText
Final ForceOnlyOneInstance
Final RequiredPermissionLevel
Final ImageURL
Final WindowContentURL
Final LinkToApplicationTable
Final LinkToApplicationUID
Final LinkToParameterTable
Final LinkToParameterGroupID
Final FolderPath
Final CommentDescription
ConfigurationGUISupervisor:280	<> requestType: getTreeNodeFieldValues
ConfigurationGUISupervisor:280	<> tableGroup: 
ConfigurationGUISupervisor:280	<> tableGroupKey: -1
ConfigurationGUISupervisor:280	<> startPath: /DesktopIconTable
ConfigurationGUISupervisor:280	<> fieldList: Status,Caption,AlternateText,ForceOnlyOneInstance,RequiredPermissionLevel,ImageURL,WindowContentURL,LinkToApplicationTable,LinkToApplicationUID,LinkToParameterTable,LinkToParameterGroupID,FolderPath,CommentDescription
ConfigurationGUISupervisor:280	<> recordList: FSM
ConfigurationGUISupervisor:280	<> modifiedTables: 
ConfigurationGUISupervisor:280	<> Refreshing all table info, ignoring warnings...
admin	<> ======================================================== getAllTableInfo start runtime=236.328
admin	<> Refreshing all! Extracting list of tables...
admin	<> Extracting list of tables complete.
admin	<> Now initializing...
admin	<> username_ = admin
admin	<> Destroying Configuration Key: 2
admin	<> Destroying Backbone Key: 4
admin	<> Destroying Context Key: 3
admin	<> ACTIVE_GROUPS_FILENAME = /home/mu2edaq/otsdaq_demo/srcs/otsdaq_demo/NoGitData/ServiceData/ActiveTableGroups.cfg
admin	<> ARTDAQ_DATABASE_URI = filesystemdb:///home/mu2edaq/otsdaq_demo/srcs/otsdaq_demo/NoGitDatabases/filesystemdb/test_db
admin	<> Ignoring warnings while loading and activating group 'testContext(3)'
TableBase-GroupCache_testContext	<> TableBase for 'GroupCache_testContext' constructed.
GROUP_CACHE-TEST_CONTEXTv-2	<> TableView copy for 'GROUP_CACHE-TEST_CONTEXT' done.
GROUP_CACHE-TEST_CONTEXTv3	<> TableView copy for 'GROUP_CACHE-TEST_CONTEXT' done.
admin	<> ------------------------------------- init start    	 [for all plug-ins in Context group 'testContext(3)']
admin	<> Errors detected while loading Table Group: testContext(3). Ignoring the following errors: 
|ConfigurationManager: /scratch/workspace/otsdaq-release-build/SLF7/s128-e20-prof/build/otsdaq/v2_08_00-buildFW/src/otsdaq/ConfigurationInterface/ConfigurationManager.cc:2630 |	At node 'XDAQApplicationTable' with entry UID 'FESupervisor' there is a disconnected child node at link column 'LinkToSupervisorTable' that points to table named 'FESupervisorTable' ...|ConfigurationManager: /scratch/workspace/otsdaq-release-build/SLF7/s128-e20-prof/build/otsdaq/v2_08_00-buildFW/src/otsdaq/ConfigurationInterface/ConfigurationManager.cc:2630 |	At node 'XDAQApplicationTable' with entry UID 'DataManagerSupervisor' there is a disconnected child node at link column 'LinkToSupervisorTable' that points to table named 'DataManagerSupervisorTable' ...|ConfigurationManager: /scratch/workspace/otsdaq-release-build/SLF7/s128-e20-prof/build/otsdaq/v2_08_00-buildFW/src/otsdaq/ConfigurationInterface/ConfigurationManager.cc:2630 |	At node 'XDAQApplicationTable' with entry UID 'VisualSupervisor' there is a disconnected child node at link column 'LinkToSupervisorTable' that points to table named 'DataManagerSupervisorTable' ...
admin	<>  PROCESSOR_COUNT 28 ==> 14 threads for initializing tables.
Fixing deprecated Supervisor class from ots::Supervisor to ots::GatewaySupervisor
admin	<> ------------------------------------- init complete 	 [for all plug-ins in Context group 'testContext(3)']
admin	<> Ignoring warnings while loading and activating group 'TableEditWizBackbone(4)'
TableBase-GroupCache_TableEditWizBackbone	<> TableBase for 'GroupCache_TableEditWizBackbone' constructed.
GROUP_CACHE-TABLE_EDIT_WIZ_BACKBONEv-2	<> TableView copy for 'GROUP_CACHE-TABLE_EDIT_WIZ_BACKBONE' done.
GROUP_CACHE-TABLE_EDIT_WIZ_BACKBONEv4	<> TableView copy for 'GROUP_CACHE-TABLE_EDIT_WIZ_BACKBONE' done.
admin	<> Ignoring that groupMetadataTable_ is missing for group 'TableEditWizBackbone(4). Going with anonymous defaults.
admin	<> ------------------------------------- init start    	 [for all plug-ins in Backbone group 'TableEditWizBackbone(4)']
admin	<>  PROCESSOR_COUNT 28 ==> 14 threads for initializing tables.
admin	<> ------------------------------------- init complete 	 [for all plug-ins in Backbone group 'TableEditWizBackbone(4)']
admin	<> Ignoring warnings while loading and activating group 'defaultConfig(2)'
TableBase-GroupCache_defaultConfig	<> TableBase for 'GroupCache_defaultConfig' constructed.
GROUP_CACHE-DEFAULT_CONFIGv-2	<> TableView copy for 'GROUP_CACHE-DEFAULT_CONFIG' done.
GROUP_CACHE-DEFAULT_CONFIGv2	<> TableView copy for 'GROUP_CACHE-DEFAULT_CONFIG' done.
admin	<> ------------------------------------- init start    	 [for all plug-ins in Configuration group 'defaultConfig(2)']
admin	<>  PROCESSOR_COUNT 28 ==> 14 threads for initializing tables.
admin	<> ------------------------------------- init complete 	 [for all plug-ins in Configuration group 'defaultConfig(2)']
admin	<> ======================================================== getAllTableInfo end runtime=236.467
ConfigurationGUISupervisor:280	<> Using active groups.
ConfigurationGUISupervisor:280	<> Status,Caption,AlternateText,ForceOnlyOneInstance,RequiredPermissionLevel,ImageURL,WindowContentURL,LinkToApplicationTable,LinkToApplicationUID,LinkToParameterTable,LinkToParameterGroupID,FolderPath,CommentDescription
ConfigurationGUISupervisor:280	<> recordUID FSM
Console is alive and waiting... (if no messages, next heartbeat is in two minutes)
Console is alive and waiting... (if no messages, next heartbeat is in two minutes)
Console is alive and waiting... (if no messages, next heartbeat is in two minutes)
Console is alive and waiting... (if no messages, next heartbeat is in two minutes)
Console is alive and waiting... (if no messages, next heartbeat is in two minutes)
ConfigurationGUISupervisor:280	<> requestType: getTreeNodeFieldValues
ConfigurationGUISupervisor:280	<> Refreshing all table info.
admin	<> ======================================================== getAllTableInfo start runtime=3126.33
admin	<> Refreshing all! Extracting list of tables...
admin	<> Extracting list of tables complete.
admin	<> Now initializing...
admin	<> username_ = admin
admin	<> Destroying Configuration Key: 2
admin	<> Destroying Backbone Key: 4
admin	<> Destroying Context Key: 3
admin	<> ACTIVE_GROUPS_FILENAME = /home/mu2edaq/otsdaq_demo/srcs/otsdaq_demo/NoGitData/ServiceData/ActiveTableGroups.cfg
admin	<> ARTDAQ_DATABASE_URI = filesystemdb:///home/mu2edaq/otsdaq_demo/srcs/otsdaq_demo/NoGitDatabases/filesystemdb/test_db
TableBase-GroupCache_testContext	<> TableBase for 'GroupCache_testContext' constructed.
GROUP_CACHE-TEST_CONTEXTv-2	<> TableView copy for 'GROUP_CACHE-TEST_CONTEXT' done.
GROUP_CACHE-TEST_CONTEXTv3	<> TableView copy for 'GROUP_CACHE-TEST_CONTEXT' done.
admin	<> ------------------------------------- init start    	 [for all plug-ins in Context group 'testContext(3)']
admin	<>  PROCESSOR_COUNT 28 ==> 14 threads for initializing tables.
Fixing deprecated Supervisor class from ots::Supervisor to ots::GatewaySupervisor
admin	<> ------------------------------------- init complete 	 [for all plug-ins in Context group 'testContext(3)']
TableBase-GroupCache_TableEditWizBackbone	<> TableBase for 'GroupCache_TableEditWizBackbone' constructed.
GROUP_CACHE-TABLE_EDIT_WIZ_BACKBONEv-2	<> TableView copy for 'GROUP_CACHE-TABLE_EDIT_WIZ_BACKBONE' done.
GROUP_CACHE-TABLE_EDIT_WIZ_BACKBONEv4	<> TableView copy for 'GROUP_CACHE-TABLE_EDIT_WIZ_BACKBONE' done.
admin	<> Ignoring that groupMetadataTable_ is missing for group 'TableEditWizBackbone(4). Going with anonymous defaults.
admin	<> ------------------------------------- init start    	 [for all plug-ins in Backbone group 'TableEditWizBackbone(4)']
admin	<>  PROCESSOR_COUNT 28 ==> 14 threads for initializing tables.
admin	<> ------------------------------------- init complete 	 [for all plug-ins in Backbone group 'TableEditWizBackbone(4)']
TableBase-GroupCache_defaultConfig	<> TableBase for 'GroupCache_defaultConfig' constructed.
GROUP_CACHE-DEFAULT_CONFIGv-2	<> TableView copy for 'GROUP_CACHE-DEFAULT_CONFIG' done.
GROUP_CACHE-DEFAULT_CONFIGv2	<> TableView copy for 'GROUP_CACHE-DEFAULT_CONFIG' done.
admin	<> ------------------------------------- init start    	 [for all plug-ins in Configuration group 'defaultConfig(2)']
admin	<>  PROCESSOR_COUNT 28 ==> 14 threads for initializing tables.
admin	<> ------------------------------------- init complete 	 [for all plug-ins in Configuration group 'defaultConfig(2)']
admin	<> ======================================================== getAllTableInfo end runtime=3126.52
ConfigurationGUISupervisor:280	<> tableGroup: 
ConfigurationGUISupervisor:280	<> tableGroupKey: -1
ConfigurationGUISupervisor:280	<> startPath: /DesktopIconTable
ConfigurationGUISupervisor:280	<> fieldList: Status,Caption,AlternateText,ForceOnlyOneInstance,RequiredPermissionLevel,ImageURL,WindowContentURL,LinkToApplicationTable,LinkToApplicationUID,LinkToParameterTable,LinkToParameterGroupID,FolderPath,CommentDescription
ConfigurationGUISupervisor:280	<> recordList: MacroMaker
ConfigurationGUISupervisor:280	<> modifiedTables: 
ConfigurationGUISupervisor:280	<> Refreshing all table info, ignoring warnings...
admin	<> ======================================================== getAllTableInfo start runtime=3126.52
admin	<> Refreshing all! Extracting list of tables...
admin	<> Extracting list of tables complete.
admin	<> Now initializing...
admin	<> username_ = admin
admin	<> Destroying Configuration Key: 2
admin	<> Destroying Backbone Key: 4
admin	<> Destroying Context Key: 3
admin	<> ACTIVE_GROUPS_FILENAME = /home/mu2edaq/otsdaq_demo/srcs/otsdaq_demo/NoGitData/ServiceData/ActiveTableGroups.cfg
admin	<> ARTDAQ_DATABASE_URI = filesystemdb:///home/mu2edaq/otsdaq_demo/srcs/otsdaq_demo/NoGitDatabases/filesystemdb/test_db
admin	<> Ignoring warnings while loading and activating group 'testContext(3)'
TableBase-GroupCache_testContext	<> TableBase for 'GroupCache_testContext' constructed.
GROUP_CACHE-TEST_CONTEXTv-2	<> TableView copy for 'GROUP_CACHE-TEST_CONTEXT' done.
GROUP_CACHE-TEST_CONTEXTv3	<> TableView copy for 'GROUP_CACHE-TEST_CONTEXT' done.
admin	<> ------------------------------------- init start    	 [for all plug-ins in Context group 'testContext(3)']
admin	<> Errors detected while loading Table Group: testContext(3). Ignoring the following errors: 
|ConfigurationManager: /scratch/workspace/otsdaq-release-build/SLF7/s128-e20-prof/build/otsdaq/v2_08_00-buildFW/src/otsdaq/ConfigurationInterface/ConfigurationManager.cc:2630 |	At node 'XDAQApplicationTable' with entry UID 'FESupervisor' there is a disconnected child node at link column 'LinkToSupervisorTable' that points to table named 'FESupervisorTable' ...|ConfigurationManager: /scratch/workspace/otsdaq-release-build/SLF7/s128-e20-prof/build/otsdaq/v2_08_00-buildFW/src/otsdaq/ConfigurationInterface/ConfigurationManager.cc:2630 |	At node 'XDAQApplicationTable' with entry UID 'DataManagerSupervisor' there is a disconnected child node at link column 'LinkToSupervisorTable' that points to table named 'DataManagerSupervisorTable' ...|ConfigurationManager: /scratch/workspace/otsdaq-release-build/SLF7/s128-e20-prof/build/otsdaq/v2_08_00-buildFW/src/otsdaq/ConfigurationInterface/ConfigurationManager.cc:2630 |	At node 'XDAQApplicationTable' with entry UID 'VisualSupervisor' there is a disconnected child node at link column 'LinkToSupervisorTable' that points to table named 'DataManagerSupervisorTable' ...
admin	<>  PROCESSOR_COUNT 28 ==> 14 threads for initializing tables.
Fixing deprecated Supervisor class from ots::Supervisor to ots::GatewaySupervisor
admin	<> ------------------------------------- init complete 	 [for all plug-ins in Context group 'testContext(3)']
admin	<> Ignoring warnings while loading and activating group 'TableEditWizBackbone(4)'
TableBase-GroupCache_TableEditWizBackbone	<> TableBase for 'GroupCache_TableEditWizBackbone' constructed.
GROUP_CACHE-TABLE_EDIT_WIZ_BACKBONEv-2	<> TableView copy for 'GROUP_CACHE-TABLE_EDIT_WIZ_BACKBONE' done.
GROUP_CACHE-TABLE_EDIT_WIZ_BACKBONEv4	<> TableView copy for 'GROUP_CACHE-TABLE_EDIT_WIZ_BACKBONE' done.
admin	<> Ignoring that groupMetadataTable_ is missing for group 'TableEditWizBackbone(4). Going with anonymous defaults.
admin	<> ------------------------------------- init start    	 [for all plug-ins in Backbone group 'TableEditWizBackbone(4)']
admin	<>  PROCESSOR_COUNT 28 ==> 14 threads for initializing tables.
admin	<> ------------------------------------- init complete 	 [for all plug-ins in Backbone group 'TableEditWizBackbone(4)']
admin	<> Ignoring warnings while loading and activating group 'defaultConfig(2)'
TableBase-GroupCache_defaultConfig	<> TableBase for 'GroupCache_defaultConfig' constructed.
GROUP_CACHE-DEFAULT_CONFIGv-2	<> TableView copy for 'GROUP_CACHE-DEFAULT_CONFIG' done.
GROUP_CACHE-DEFAULT_CONFIGv2	<> TableView copy for 'GROUP_CACHE-DEFAULT_CONFIG' done.
admin	<> ------------------------------------- init start    	 [for all plug-ins in Configuration group 'defaultConfig(2)']
admin	<>  PROCESSOR_COUNT 28 ==> 14 threads for initializing tables.
admin	<> ------------------------------------- init complete 	 [for all plug-ins in Configuration group 'defaultConfig(2)']
admin	<> ======================================================== getAllTableInfo end runtime=3126.66
ConfigurationGUISupervisor:280	<> Using active groups.
ConfigurationGUISupervisor:280	<> Status,Caption,AlternateText,ForceOnlyOneInstance,RequiredPermissionLevel,ImageURL,WindowContentURL,LinkToApplicationTable,LinkToApplicationUID,LinkToParameterTable,LinkToParameterGroupID,FolderPath,CommentDescription
ConfigurationGUISupervisor:280	<> recordUID MacroMaker
ConfigurationGUISupervisor:280	<> requestType: setTreeNodeFieldValues
ConfigurationGUISupervisor:280	<> tableGroup: 
ConfigurationGUISupervisor:280	<> tableGroupKey: -1
ConfigurationGUISupervisor:280	<> startPath: /DesktopIconTable
ConfigurationGUISupervisor:280	<> fieldList: Status,Caption,AlternateText,ForceOnlyOneInstance,RequiredPermissionLevel,ImageURL,WindowContentURL,LinkToApplicationTable,LinkToApplicationUID,LinkToParameterTable,LinkToParameterGroupID,FolderPath,CommentDescription
ConfigurationGUISupervisor:280	<> valueList: On,Macro%20Maker,MM,True,1,icon-MacroMaker.png,%2FWebPath%2Fhtml%2FMacroMaker.html%3Furn%3D,XDAQApplicationTable,MacroMakerSupervisor,NO_LINK,DEFAULT,DEFAULT,No%20Comment
ConfigurationGUISupervisor:280	<> recordList: MacroMaker
ConfigurationGUISupervisor:280	<> modifiedTables: 
ConfigurationGUISupervisor:280	<> Refreshing all table info, ignoring warnings...
admin	<> ======================================================== getAllTableInfo start runtime=3130.27
admin	<> Refreshing all! Extracting list of tables...
admin	<> Extracting list of tables complete.
admin	<> Now initializing...
admin	<> username_ = admin
admin	<> Destroying Configuration Key: 2
admin	<> Destroying Backbone Key: 4
admin	<> Destroying Context Key: 3
admin	<> ACTIVE_GROUPS_FILENAME = /home/mu2edaq/otsdaq_demo/srcs/otsdaq_demo/NoGitData/ServiceData/ActiveTableGroups.cfg
admin	<> ARTDAQ_DATABASE_URI = filesystemdb:///home/mu2edaq/otsdaq_demo/srcs/otsdaq_demo/NoGitDatabases/filesystemdb/test_db
admin	<> Ignoring warnings while loading and activating group 'testContext(3)'
TableBase-GroupCache_testContext	<> TableBase for 'GroupCache_testContext' constructed.
GROUP_CACHE-TEST_CONTEXTv-2	<> TableView copy for 'GROUP_CACHE-TEST_CONTEXT' done.
GROUP_CACHE-TEST_CONTEXTv3	<> TableView copy for 'GROUP_CACHE-TEST_CONTEXT' done.
admin	<> ------------------------------------- init start    	 [for all plug-ins in Context group 'testContext(3)']
admin	<> Errors detected while loading Table Group: testContext(3). Ignoring the following errors: 
|ConfigurationManager: /scratch/workspace/otsdaq-release-build/SLF7/s128-e20-prof/build/otsdaq/v2_08_00-buildFW/src/otsdaq/ConfigurationInterface/ConfigurationManager.cc:2630 |	At node 'XDAQApplicationTable' with entry UID 'FESupervisor' there is a disconnected child node at link column 'LinkToSupervisorTable' that points to table named 'FESupervisorTable' ...|ConfigurationManager: /scratch/workspace/otsdaq-release-build/SLF7/s128-e20-prof/build/otsdaq/v2_08_00-buildFW/src/otsdaq/ConfigurationInterface/ConfigurationManager.cc:2630 |	At node 'XDAQApplicationTable' with entry UID 'DataManagerSupervisor' there is a disconnected child node at link column 'LinkToSupervisorTable' that points to table named 'DataManagerSupervisorTable' ...|ConfigurationManager: /scratch/workspace/otsdaq-release-build/SLF7/s128-e20-prof/build/otsdaq/v2_08_00-buildFW/src/otsdaq/ConfigurationInterface/ConfigurationManager.cc:2630 |	At node 'XDAQApplicationTable' with entry UID 'VisualSupervisor' there is a disconnected child node at link column 'LinkToSupervisorTable' that points to table named 'DataManagerSupervisorTable' ...
admin	<>  PROCESSOR_COUNT 28 ==> 14 threads for initializing tables.
Fixing deprecated Supervisor class from ots::Supervisor to ots::GatewaySupervisor
admin	<> ------------------------------------- init complete 	 [for all plug-ins in Context group 'testContext(3)']
admin	<> Ignoring warnings while loading and activating group 'TableEditWizBackbone(4)'
TableBase-GroupCache_TableEditWizBackbone	<> TableBase for 'GroupCache_TableEditWizBackbone' constructed.
GROUP_CACHE-TABLE_EDIT_WIZ_BACKBONEv-2	<> TableView copy for 'GROUP_CACHE-TABLE_EDIT_WIZ_BACKBONE' done.
GROUP_CACHE-TABLE_EDIT_WIZ_BACKBONEv4	<> TableView copy for 'GROUP_CACHE-TABLE_EDIT_WIZ_BACKBONE' done.
admin	<> Ignoring that groupMetadataTable_ is missing for group 'TableEditWizBackbone(4). Going with anonymous defaults.
admin	<> ------------------------------------- init start    	 [for all plug-ins in Backbone group 'TableEditWizBackbone(4)']
admin	<>  PROCESSOR_COUNT 28 ==> 14 threads for initializing tables.
admin	<> ------------------------------------- init complete 	 [for all plug-ins in Backbone group 'TableEditWizBackbone(4)']
admin	<> Ignoring warnings while loading and activating group 'defaultConfig(2)'
TableBase-GroupCache_defaultConfig	<> TableBase for 'GroupCache_defaultConfig' constructed.
GROUP_CACHE-DEFAULT_CONFIGv-2	<> TableView copy for 'GROUP_CACHE-DEFAULT_CONFIG' done.
GROUP_CACHE-DEFAULT_CONFIGv2	<> TableView copy for 'GROUP_CACHE-DEFAULT_CONFIG' done.
admin	<> ------------------------------------- init start    	 [for all plug-ins in Configuration group 'defaultConfig(2)']
admin	<>  PROCESSOR_COUNT 28 ==> 14 threads for initializing tables.
admin	<> ------------------------------------- init complete 	 [for all plug-ins in Configuration group 'defaultConfig(2)']
admin	<> ======================================================== getAllTableInfo end runtime=3130.42
ConfigurationGUISupervisor:280	<> Using active groups.
ConfigurationGUISupervisor:280	<> Status,Caption,AlternateText,ForceOnlyOneInstance,RequiredPermissionLevel,ImageURL,WindowContentURL,LinkToApplicationTable,LinkToApplicationUID,LinkToParameterTable,LinkToParameterGroupID,FolderPath,CommentDescription
ConfigurationGUISupervisor:280	<> fieldPath Status
ConfigurationGUISupervisor:280	<> fieldPath Caption
ConfigurationGUISupervisor:280	<> fieldPath AlternateText
ConfigurationGUISupervisor:280	<> fieldPath ForceOnlyOneInstance
ConfigurationGUISupervisor:280	<> fieldPath RequiredPermissionLevel
ConfigurationGUISupervisor:280	<> fieldPath ImageURL
ConfigurationGUISupervisor:280	<> fieldPath WindowContentURL
ConfigurationGUISupervisor:280	<> fieldPath LinkToApplicationTable
ConfigurationGUISupervisor:280	<> fieldPath LinkToApplicationUID
ConfigurationGUISupervisor:280	<> fieldPath LinkToParameterTable
ConfigurationGUISupervisor:280	<> fieldPath LinkToParameterGroupID
ConfigurationGUISupervisor:280	<> fieldPath FolderPath
ConfigurationGUISupervisor:280	<> fieldPath CommentDescription
ConfigurationGUISupervisor:280	<> On,Macro%20Maker,MM,True,1,icon-MacroMaker.png,%2FWebPath%2Fhtml%2FMacroMaker.html%3Furn%3D,XDAQApplicationTable,MacroMakerSupervisor,NO_LINK,DEFAULT,DEFAULT,No%20Comment
ConfigurationGUISupervisor:280	<> fieldValue On
ConfigurationGUISupervisor:280	<> fieldValue Macro%20Maker
ConfigurationGUISupervisor:280	<> fieldValue MM
ConfigurationGUISupervisor:280	<> fieldValue True
ConfigurationGUISupervisor:280	<> fieldValue 1
ConfigurationGUISupervisor:280	<> fieldValue icon-MacroMaker.png
ConfigurationGUISupervisor:280	<> fieldValue %2FWebPath%2Fhtml%2FMacroMaker.html%3Furn%3D
ConfigurationGUISupervisor:280	<> fieldValue XDAQApplicationTable
ConfigurationGUISupervisor:280	<> fieldValue MacroMakerSupervisor
ConfigurationGUISupervisor:280	<> fieldValue NO_LINK
ConfigurationGUISupervisor:280	<> fieldValue DEFAULT
ConfigurationGUISupervisor:280	<> fieldValue DEFAULT
ConfigurationGUISupervisor:280	<> fieldValue No%20Comment
ConfigurationGUISupervisor:280	<> fieldPath Status
ConfigurationGUISupervisor:280	<> fieldValue On
ConfigurationGUISupervisor:280	<> Getting table DesktopIconTable
ConfigurationGUISupervisor:280	<> Created temporary version DesktopIconTable-v-2
ConfigurationGUISupervisor:280	<> Using temporary version DesktopIconTable-v-2
ConfigurationGUISupervisor:280	<> fieldPath Caption
ConfigurationGUISupervisor:280	<> fieldValue Macro%20Maker
ConfigurationGUISupervisor:280	<> Getting table DesktopIconTable
ConfigurationGUISupervisor:280	<> Using temporary version DesktopIconTable-v-2
ConfigurationGUISupervisor:280	<> fieldPath AlternateText
ConfigurationGUISupervisor:280	<> fieldValue MM
ConfigurationGUISupervisor:280	<> Getting table DesktopIconTable
ConfigurationGUISupervisor:280	<> Using temporary version DesktopIconTable-v-2
ConfigurationGUISupervisor:280	<> fieldPath ForceOnlyOneInstance
ConfigurationGUISupervisor:280	<> fieldValue True
ConfigurationGUISupervisor:280	<> Getting table DesktopIconTable
ConfigurationGUISupervisor:280	<> Using temporary version DesktopIconTable-v-2
ConfigurationGUISupervisor:280	<> fieldPath RequiredPermissionLevel
ConfigurationGUISupervisor:280	<> fieldValue 1
ConfigurationGUISupervisor:280	<> Getting table DesktopIconTable
ConfigurationGUISupervisor:280	<> Using temporary version DesktopIconTable-v-2
ConfigurationGUISupervisor:280	<> fieldPath ImageURL
ConfigurationGUISupervisor:280	<> fieldValue icon-MacroMaker.png
ConfigurationGUISupervisor:280	<> Getting table DesktopIconTable
ConfigurationGUISupervisor:280	<> Using temporary version DesktopIconTable-v-2
ConfigurationGUISupervisor:280	<> fieldPath WindowContentURL
ConfigurationGUISupervisor:280	<> fieldValue %2FWebPath%2Fhtml%2FMacroMaker.html%3Furn%3D
ConfigurationGUISupervisor:280	<> Getting table DesktopIconTable
ConfigurationGUISupervisor:280	<> Using temporary version DesktopIconTable-v-2
ConfigurationGUISupervisor:280	<> fieldPath LinkToApplicationTable
ConfigurationGUISupervisor:280	<> fieldValue XDAQApplicationTable
ConfigurationGUISupervisor:280	<> Getting table DesktopIconTable
ConfigurationGUISupervisor:280	<> Using temporary version DesktopIconTable-v-2
ConfigurationGUISupervisor:280	<> fieldPath LinkToApplicationUID
ConfigurationGUISupervisor:280	<> fieldValue MacroMakerSupervisor
ConfigurationGUISupervisor:280	<> Getting table DesktopIconTable
ConfigurationGUISupervisor:280	<> Using temporary version DesktopIconTable-v-2
ConfigurationGUISupervisor:280	<> fieldPath LinkToParameterTable
ConfigurationGUISupervisor:280	<> fieldValue NO_LINK
ConfigurationGUISupervisor:280	<> Getting table DesktopIconTable
ConfigurationGUISupervisor:280	<> Using temporary version DesktopIconTable-v-2
ConfigurationGUISupervisor:280	<> fieldPath LinkToParameterGroupID
ConfigurationGUISupervisor:280	<> fieldValue DEFAULT
ConfigurationGUISupervisor:280	<> Getting table DesktopIconTable
ConfigurationGUISupervisor:280	<> Using temporary version DesktopIconTable-v-2
ConfigurationGUISupervisor:280	<> fieldPath FolderPath
ConfigurationGUISupervisor:280	<> fieldValue DEFAULT
ConfigurationGUISupervisor:280	<> Getting table DesktopIconTable
ConfigurationGUISupervisor:280	<> Using temporary version DesktopIconTable-v-2
ConfigurationGUISupervisor:280	<> fieldPath CommentDescription
ConfigurationGUISupervisor:280	<> fieldValue No%20Comment
ConfigurationGUISupervisor:280	<> Getting table DesktopIconTable
ConfigurationGUISupervisor:280	<> Using temporary version DesktopIconTable-v-2
ConfigurationGUISupervisor:280	<> requestType: saveSpecificTable
ConfigurationGUISupervisor:280	<> tableName: DesktopIconTable version: -2 temporary: 0 dataOffset: 0
ConfigurationGUISupervisor:280	<> comment: Default%20Desktop%20Icons%20for%20First%20Demo%20Tutorial.
ConfigurationGUISupervisor:280	<> data: 
ConfigurationGUISupervisor:280	<> sourceTableAsIs: 1
ConfigurationGUISupervisor:280	<> lookForEquivalent: 1
		temporaryVersion: -3
Table comment was set to:
	Default Desktop Icons for First Demo Tutorial.
admin	<> Checking for duplicate 'DesktopIconTable' tables...
admin	<> Filling up 'DesktopIconTable' cache from 1 to max count of 20
admin	<> Checking 'DesktopIconTable' duplicate...
TableBase-DesktopIconTable	<> Duplicate version found: 3
admin	<> Equivalent 'DesktopIconTable' table found in version v3
admin	<> Target 'DesktopIconTable' version v-3 was not found in info versions...
admin	<> 		 Equivalent 'DesktopIconTable' assigned version: 3
ConfigurationGUISupervisor:280	<> requestType: getAffectedActiveGroups
ConfigurationGUISupervisor:280	<> modifiedTables: DesktopIconTable,-2
ConfigurationGUISupervisor:280	<> groupName: 
ConfigurationGUISupervisor:280	<> groupKey: -1
ConfigurationGUISupervisor:280	<> StringMacros::mapToString(consideredGroups) = Backbone/TableEditWizBackbone: 4, Configuration/defaultConfig: 2, Context/testContext: 3, Iterate/: -1
|TableGroupKey.cc: /scratch/workspace/otsdaq-release-build/SLF7/s128-e20-prof/build/otsdaq/v2_08_00-buildFW/src/otsdaq/TableCore/TableGroupKey.cc:143 |	TableGroupKey::getFullGroupString() Illegal Group Name! The Group Name was not provided.

|TableGroupKey.cc: /scratch/workspace/otsdaq-release-build/SLF7/s128-e20-prof/build/otsdaq/v2_08_00-buildFW/src/otsdaq/TableCore/TableGroupKey.cc:143 |	TableGroupKey::getFullGroupString() Illegal Group Name! The Group Name was not provided.
ConfigurationGUISupervisor:280	<> Did not modify considered active groups due to empty root group name - assuming this was intentional.
ConfigurationGUISupervisor:280	<> DesktopIconTable,-2
ConfigurationGUISupervisor:280	<> modified table DesktopIconTable:-2
ConfigurationGUISupervisor:280	<> Considering Context group testContext (3)
TableBase-GroupCache_testContext	<> TableBase for 'GroupCache_testContext' constructed.
GROUP_CACHE-TEST_CONTEXTv-2	<> TableView copy for 'GROUP_CACHE-TEST_CONTEXT' done.
GROUP_CACHE-TEST_CONTEXTv3	<> TableView copy for 'GROUP_CACHE-TEST_CONTEXT' done.
ConfigurationGUISupervisor:280	<> groupComment = Default%20Context%20group.
ConfigurationGUISupervisor:280	<> Affected by DesktopIconTable:-2
ConfigurationGUISupervisor:280	<> Considering Backbone group TableEditWizBackbone (4)
TableBase-GroupCache_TableEditWizBackbone	<> TableBase for 'GroupCache_TableEditWizBackbone' constructed.
GROUP_CACHE-TABLE_EDIT_WIZ_BACKBONEv-2	<> TableView copy for 'GROUP_CACHE-TABLE_EDIT_WIZ_BACKBONE' done.
GROUP_CACHE-TABLE_EDIT_WIZ_BACKBONEv4	<> TableView copy for 'GROUP_CACHE-TABLE_EDIT_WIZ_BACKBONE' done.
admin	<> Ignoring that groupMetadataTable_ is missing for group 'TableEditWizBackbone(4). Going with anonymous defaults.
ConfigurationGUISupervisor:280	<> groupComment = UNKNOWN
ConfigurationGUISupervisor:280	<> Considering Configuration group defaultConfig (2)
TableBase-GroupCache_defaultConfig	<> TableBase for 'GroupCache_defaultConfig' constructed.
GROUP_CACHE-DEFAULT_CONFIGv-2	<> TableView copy for 'GROUP_CACHE-DEFAULT_CONFIG' done.
GROUP_CACHE-DEFAULT_CONFIGv2	<> TableView copy for 'GROUP_CACHE-DEFAULT_CONFIG' done.
ConfigurationGUISupervisor:280	<> groupComment = Default%20Table%20group.
ConfigurationGUISupervisor:280	<> Considering mockup tables for Configuration Group...
ConfigurationGUISupervisor:280	<> requestType: saveNewTableGroup
ConfigurationGUISupervisor:280	<> saveNewTableGroup: testContext
ConfigurationGUISupervisor:280	<> tableList: DesktopIconTable,3,DesktopWindowParameterTable,3,GatewaySupervisorTable,3,MessageFacilityTable,3,SlowControlsDashboardSupervisorTable,3,StateMachineTable,3,XDAQApplicationPropertyTable,3,XDAQApplicationTable,3,XDAQContextTable,3,
ConfigurationGUISupervisor:280	<> ignoreWarnings: 1
ConfigurationGUISupervisor:280	<> allowDuplicates: 0
ConfigurationGUISupervisor:280	<> lookForEquivalent: 1
ConfigurationGUISupervisor:280	<> comment: Default%20Context%20group.
admin	<> ======================================================== getAllTableInfo start runtime=3130.55
admin	<> Refreshing all! Extracting list of tables...
admin	<> Extracting list of tables complete.
admin	<> Now initializing...
admin	<> username_ = admin
admin	<> Destroying Configuration Key: 2
admin	<> Destroying Backbone Key: 4
admin	<> Destroying Context Key: 3
admin	<> ACTIVE_GROUPS_FILENAME = /home/mu2edaq/otsdaq_demo/srcs/otsdaq_demo/NoGitData/ServiceData/ActiveTableGroups.cfg
admin	<> ARTDAQ_DATABASE_URI = filesystemdb:///home/mu2edaq/otsdaq_demo/srcs/otsdaq_demo/NoGitDatabases/filesystemdb/test_db
admin	<> Ignoring warnings while loading and activating group 'testContext(3)'
TableBase-GroupCache_testContext	<> TableBase for 'GroupCache_testContext' constructed.
GROUP_CACHE-TEST_CONTEXTv-2	<> TableView copy for 'GROUP_CACHE-TEST_CONTEXT' done.
GROUP_CACHE-TEST_CONTEXTv3	<> TableView copy for 'GROUP_CACHE-TEST_CONTEXT' done.
admin	<> ------------------------------------- init start    	 [for all plug-ins in Context group 'testContext(3)']
admin	<> Errors detected while loading Table Group: testContext(3). Ignoring the following errors: 
|ConfigurationManager: /scratch/workspace/otsdaq-release-build/SLF7/s128-e20-prof/build/otsdaq/v2_08_00-buildFW/src/otsdaq/ConfigurationInterface/ConfigurationManager.cc:2630 |	At node 'XDAQApplicationTable' with entry UID 'FESupervisor' there is a disconnected child node at link column 'LinkToSupervisorTable' that points to table named 'FESupervisorTable' ...|ConfigurationManager: /scratch/workspace/otsdaq-release-build/SLF7/s128-e20-prof/build/otsdaq/v2_08_00-buildFW/src/otsdaq/ConfigurationInterface/ConfigurationManager.cc:2630 |	At node 'XDAQApplicationTable' with entry UID 'DataManagerSupervisor' there is a disconnected child node at link column 'LinkToSupervisorTable' that points to table named 'DataManagerSupervisorTable' ...|ConfigurationManager: /scratch/workspace/otsdaq-release-build/SLF7/s128-e20-prof/build/otsdaq/v2_08_00-buildFW/src/otsdaq/ConfigurationInterface/ConfigurationManager.cc:2630 |	At node 'XDAQApplicationTable' with entry UID 'VisualSupervisor' there is a disconnected child node at link column 'LinkToSupervisorTable' that points to table named 'DataManagerSupervisorTable' ...
admin	<>  PROCESSOR_COUNT 28 ==> 14 threads for initializing tables.
Fixing deprecated Supervisor class from ots::Supervisor to ots::GatewaySupervisor
admin	<> ------------------------------------- init complete 	 [for all plug-ins in Context group 'testContext(3)']
admin	<> Ignoring warnings while loading and activating group 'TableEditWizBackbone(4)'
TableBase-GroupCache_TableEditWizBackbone	<> TableBase for 'GroupCache_TableEditWizBackbone' constructed.
GROUP_CACHE-TABLE_EDIT_WIZ_BACKBONEv-2	<> TableView copy for 'GROUP_CACHE-TABLE_EDIT_WIZ_BACKBONE' done.
GROUP_CACHE-TABLE_EDIT_WIZ_BACKBONEv4	<> TableView copy for 'GROUP_CACHE-TABLE_EDIT_WIZ_BACKBONE' done.
admin	<> Ignoring that groupMetadataTable_ is missing for group 'TableEditWizBackbone(4). Going with anonymous defaults.
admin	<> ------------------------------------- init start    	 [for all plug-ins in Backbone group 'TableEditWizBackbone(4)']
admin	<>  PROCESSOR_COUNT 28 ==> 14 threads for initializing tables.
admin	<> ------------------------------------- init complete 	 [for all plug-ins in Backbone group 'TableEditWizBackbone(4)']
admin	<> Ignoring warnings while loading and activating group 'defaultConfig(2)'
TableBase-GroupCache_defaultConfig	<> TableBase for 'GroupCache_defaultConfig' constructed.
GROUP_CACHE-DEFAULT_CONFIGv-2	<> TableView copy for 'GROUP_CACHE-DEFAULT_CONFIG' done.
GROUP_CACHE-DEFAULT_CONFIGv2	<> TableView copy for 'GROUP_CACHE-DEFAULT_CONFIG' done.
admin	<> ------------------------------------- init start    	 [for all plug-ins in Configuration group 'defaultConfig(2)']
admin	<>  PROCESSOR_COUNT 28 ==> 14 threads for initializing tables.
admin	<> ------------------------------------- init complete 	 [for all plug-ins in Configuration group 'defaultConfig(2)']
admin	<> ======================================================== getAllTableInfo end runtime=3130.69
admin	<> Number of Groups: 4
Ignoring these errors: |ConfigurationManager: /scratch/workspace/otsdaq-release-build/SLF7/s128-e20-prof/build/otsdaq/v2_08_00-buildFW/src/otsdaq/ConfigurationInterface/ConfigurationManager.cc:2630 |	At node 'XDAQApplicationTable' with entry UID 'FESupervisor' there is a disconnected child node at link column 'LinkToSupervisorTable' that points to table named 'FESupervisorTable' ...|ConfigurationManager: /scratch/workspace/otsdaq-release-build/SLF7/s128-e20-prof/build/otsdaq/v2_08_00-buildFW/src/otsdaq/ConfigurationInterface/ConfigurationManager.cc:2630 |	At node 'XDAQApplicationTable' with entry UID 'DataManagerSupervisor' there is a disconnected child node at link column 'LinkToSupervisorTable' that points to table named 'DataManagerSupervisorTable' ...|ConfigurationManager: /scratch/workspace/otsdaq-release-build/SLF7/s128-e20-prof/build/otsdaq/v2_08_00-buildFW/src/otsdaq/ConfigurationInterface/ConfigurationManager.cc:2630 |	At node 'XDAQApplicationTable' with entry UID 'VisualSupervisor' there is a disconnected child node at link column 'LinkToSupervisorTable' that points to table named 'DataManagerSupervisorTable' ...
StringMacros::mapToString(memberTableAliases) = 
Checking for duplicate groups...
admin	<> Checking all groups.
admin	<>  PROCESSOR_COUNT 28 ==> 14 threads.
TableBase-GroupCache_testContext	<> TableBase for 'GroupCache_testContext' constructed.
GROUP_CACHE-TEST_CONTEXTv-2	<> TableView copy for 'GROUP_CACHE-TEST_CONTEXT' done.
GROUP_CACHE-TEST_CONTEXTv3	<> TableView copy for 'GROUP_CACHE-TEST_CONTEXT' done.
=====> Found exact match with key: 3
admin	<> Found exact match with key: 3
Found equivalent group key (3) for testContext.
groupName=testContext
groupKey=3
ignoreWarnings = 1
TableBase-GroupCache_testContext	<> TableBase for 'GroupCache_testContext' constructed.
GROUP_CACHE-TEST_CONTEXTv-2	<> TableView copy for 'GROUP_CACHE-TEST_CONTEXT' done.
GROUP_CACHE-TEST_CONTEXTv3	<> TableView copy for 'GROUP_CACHE-TEST_CONTEXT' done.
StringMacros::mapToString(groupMemberAliases) = 
# of table version aliases: 0
ConfigurationGUISupervisor:280	<> requestType: activateTableGroup
ConfigurationGUISupervisor:280	<> Activating group: testContext(3)
ConfigurationGUISupervisor:280	<> ignoreWarnings = 1
TableBase-GroupCache_testContext	<> TableBase for 'GroupCache_testContext' constructed.
GROUP_CACHE-TEST_CONTEXTv-2	<> TableView copy for 'GROUP_CACHE-TEST_CONTEXT' done.
GROUP_CACHE-TEST_CONTEXTv3	<> TableView copy for 'GROUP_CACHE-TEST_CONTEXT' done.
admin	<> ------------------------------------- init start    	 [for all plug-ins in Context group 'testContext(3)']
admin	<> Deactivating Context group: testContext
admin	<> Destroying Context Key: 3
admin	<>  PROCESSOR_COUNT 28 ==> 14 threads for initializing tables.
Fixing deprecated Supervisor class from ots::Supervisor to ots::GatewaySupervisor
admin	<> ------------------------------------- init complete 	 [for all plug-ins in Context group 'testContext(3)']
admin	<> Updating persistent active groups to /home/mu2edaq/otsdaq_demo/srcs/otsdaq_demo/NoGitData/ServiceData/ActiveTableGroups.cfg ...
Active Context table group: testContext(3)
Active Backbone table group: TableEditWizBackbone(4)
Active Iterate table group: (-1)
Active Configuration table group: defaultConfig(2)
ConfigurationGUISupervisor:280	<> requestType: getGroupAliases
ConfigurationGUISupervisor:280	<> reloadActive: 0
TableBase-GroupCache_TableEditWizBackbone	<> TableBase for 'GroupCache_TableEditWizBackbone' constructed.
GROUP_CACHE-TABLE_EDIT_WIZ_BACKBONEv-2	<> TableView copy for 'GROUP_CACHE-TABLE_EDIT_WIZ_BACKBONE' done.
GROUP_CACHE-TABLE_EDIT_WIZ_BACKBONEv4	<> TableView copy for 'GROUP_CACHE-TABLE_EDIT_WIZ_BACKBONE' done.
admin	<> Ignoring that groupMetadataTable_ is missing for group 'TableEditWizBackbone(4). Going with anonymous defaults.
ConfigurationGUISupervisor:280	<> activeVersions["GroupAliasesTable"]=4
ConfigurationGUISupervisor:280	<>  PROCESSOR_COUNT 28 ==> 14 threads for alias group loads.
TableBase-GroupCache_defaultConfig	<> TableBase for 'GroupCache_defaultConfig' constructed.
GROUP_CACHE-DEFAULT_CONFIGv-2	<> TableView copy for 'GROUP_CACHE-DEFAULT_CONFIG' done.
GROUP_CACHE-DEFAULT_CONFIGv2	<> TableView copy for 'GROUP_CACHE-DEFAULT_CONFIG' done.
ConfigurationGUISupervisor:280	<> requestType: getTreeView
TableBase-TableGroupMetadata	<> Special table 'TableGroupMetadata' constructed. 1
READONLY_USER	<> runTimeSeconds() = 5.8286e-05
READONLY_USER	<> runTimeSeconds() = 0.000116713
READONLY_USER	<> runTimeSeconds() = 0.000368681
READONLY_USER	<> runTimeSeconds() = 0.00041248
READONLY_USER	<> Private constructor for write access called.
TreeDiff	<> Instantiating Config Manager with Write Access! (for TreeDiff) time=1718115741 runTimeSeconds()=0.000471725
TreeDiff	<> runTimeSeconds() = 0.00054242
ConfigurationGUISupervisor:280	<> Refreshing all table info, ignoring warnings...
admin	<> ======================================================== getAllTableInfo start runtime=3138.44
admin	<> Refreshing all! Extracting list of tables...
admin	<> Extracting list of tables complete.
admin	<> Now initializing...
admin	<> username_ = admin
admin	<> Destroying Configuration Key: 2
admin	<> Destroying Backbone Key: 4
admin	<> Destroying Context Key: 3
admin	<> ACTIVE_GROUPS_FILENAME = /home/mu2edaq/otsdaq_demo/srcs/otsdaq_demo/NoGitData/ServiceData/ActiveTableGroups.cfg
admin	<> ARTDAQ_DATABASE_URI = filesystemdb:///home/mu2edaq/otsdaq_demo/srcs/otsdaq_demo/NoGitDatabases/filesystemdb/test_db
admin	<> Ignoring warnings while loading and activating group 'testContext(3)'
TableBase-GroupCache_testContext	<> TableBase for 'GroupCache_testContext' constructed.
GROUP_CACHE-TEST_CONTEXTv-2	<> TableView copy for 'GROUP_CACHE-TEST_CONTEXT' done.
GROUP_CACHE-TEST_CONTEXTv3	<> TableView copy for 'GROUP_CACHE-TEST_CONTEXT' done.
admin	<> ------------------------------------- init start    	 [for all plug-ins in Context group 'testContext(3)']
admin	<> Errors detected while loading Table Group: testContext(3). Ignoring the following errors: 
|ConfigurationManager: /scratch/workspace/otsdaq-release-build/SLF7/s128-e20-prof/build/otsdaq/v2_08_00-buildFW/src/otsdaq/ConfigurationInterface/ConfigurationManager.cc:2630 |	At node 'XDAQApplicationTable' with entry UID 'FESupervisor' there is a disconnected child node at link column 'LinkToSupervisorTable' that points to table named 'FESupervisorTable' ...|ConfigurationManager: /scratch/workspace/otsdaq-release-build/SLF7/s128-e20-prof/build/otsdaq/v2_08_00-buildFW/src/otsdaq/ConfigurationInterface/ConfigurationManager.cc:2630 |	At node 'XDAQApplicationTable' with entry UID 'DataManagerSupervisor' there is a disconnected child node at link column 'LinkToSupervisorTable' that points to table named 'DataManagerSupervisorTable' ...|ConfigurationManager: /scratch/workspace/otsdaq-release-build/SLF7/s128-e20-prof/build/otsdaq/v2_08_00-buildFW/src/otsdaq/ConfigurationInterface/ConfigurationManager.cc:2630 |	At node 'XDAQApplicationTable' with entry UID 'VisualSupervisor' there is a disconnected child node at link column 'LinkToSupervisorTable' that points to table named 'DataManagerSupervisorTable' ...
admin	<>  PROCESSOR_COUNT 28 ==> 14 threads for initializing tables.
Fixing deprecated Supervisor class from ots::Supervisor to ots::GatewaySupervisor
admin	<> ------------------------------------- init complete 	 [for all plug-ins in Context group 'testContext(3)']
admin	<> Ignoring warnings while loading and activating group 'TableEditWizBackbone(4)'
TableBase-GroupCache_TableEditWizBackbone	<> TableBase for 'GroupCache_TableEditWizBackbone' constructed.
GROUP_CACHE-TABLE_EDIT_WIZ_BACKBONEv-2	<> TableView copy for 'GROUP_CACHE-TABLE_EDIT_WIZ_BACKBONE' done.
GROUP_CACHE-TABLE_EDIT_WIZ_BACKBONEv4	<> TableView copy for 'GROUP_CACHE-TABLE_EDIT_WIZ_BACKBONE' done.
admin	<> Ignoring that groupMetadataTable_ is missing for group 'TableEditWizBackbone(4). Going with anonymous defaults.
admin	<> ------------------------------------- init start    	 [for all plug-ins in Backbone group 'TableEditWizBackbone(4)']
admin	<>  PROCESSOR_COUNT 28 ==> 14 threads for initializing tables.
admin	<> ------------------------------------- init complete 	 [for all plug-ins in Backbone group 'TableEditWizBackbone(4)']
admin	<> Ignoring warnings while loading and activating group 'defaultConfig(2)'
TableBase-GroupCache_defaultConfig	<> TableBase for 'GroupCache_defaultConfig' constructed.
GROUP_CACHE-DEFAULT_CONFIGv-2	<> TableView copy for 'GROUP_CACHE-DEFAULT_CONFIG' done.
GROUP_CACHE-DEFAULT_CONFIGv2	<> TableView copy for 'GROUP_CACHE-DEFAULT_CONFIG' done.
admin	<> ------------------------------------- init start    	 [for all plug-ins in Configuration group 'defaultConfig(2)']
admin	<>  PROCESSOR_COUNT 28 ==> 14 threads for initializing tables.
admin	<> ------------------------------------- init complete 	 [for all plug-ins in Configuration group 'defaultConfig(2)']
admin	<> ======================================================== getAllTableInfo end runtime=3138.58
ConfigurationGUISupervisor:280	<> Using active groups.
StringMacros::mapToString(filterMap) = 
ConfigurationGUISupervisor:280	<> requestType: getUniqueFieldValuesForRecords
ConfigurationGUISupervisor:280	<> tableGroup: 
ConfigurationGUISupervisor:280	<> tableGroupKey: -1
ConfigurationGUISupervisor:280	<> startPath: /DesktopIconTable
ConfigurationGUISupervisor:280	<> fieldList: Status,ForceOnlyOneInstance,RequiredPermissionLevel
ConfigurationGUISupervisor:280	<> recordList: FSM,Chat,Logbook,Visualizer,ConfigureGUI,FESubConfigGUI,DPSubConfigGUI,MacroMaker,ControlsDashboard,NOvALog,DBUtilities,Console,FEMacroTest,SmartLaunch,SystemDiagram
ConfigurationGUISupervisor:280	<> modifiedTables: 
ConfigurationGUISupervisor:280	<> Refreshing all table info, ignoring warnings...
admin	<> ======================================================== getAllTableInfo start runtime=3138.6
admin	<> Refreshing all! Extracting list of tables...
admin	<> Extracting list of tables complete.
admin	<> Now initializing...
admin	<> username_ = admin
admin	<> Destroying Configuration Key: 2
admin	<> Destroying Backbone Key: 4
admin	<> Destroying Context Key: 3
admin	<> ACTIVE_GROUPS_FILENAME = /home/mu2edaq/otsdaq_demo/srcs/otsdaq_demo/NoGitData/ServiceData/ActiveTableGroups.cfg
admin	<> ARTDAQ_DATABASE_URI = filesystemdb:///home/mu2edaq/otsdaq_demo/srcs/otsdaq_demo/NoGitDatabases/filesystemdb/test_db
admin	<> Ignoring warnings while loading and activating group 'testContext(3)'
TableBase-GroupCache_testContext	<> TableBase for 'GroupCache_testContext' constructed.
GROUP_CACHE-TEST_CONTEXTv-2	<> TableView copy for 'GROUP_CACHE-TEST_CONTEXT' done.
GROUP_CACHE-TEST_CONTEXTv3	<> TableView copy for 'GROUP_CACHE-TEST_CONTEXT' done.
admin	<> ------------------------------------- init start    	 [for all plug-ins in Context group 'testContext(3)']
admin	<> Errors detected while loading Table Group: testContext(3). Ignoring the following errors: 
|ConfigurationManager: /scratch/workspace/otsdaq-release-build/SLF7/s128-e20-prof/build/otsdaq/v2_08_00-buildFW/src/otsdaq/ConfigurationInterface/ConfigurationManager.cc:2630 |	At node 'XDAQApplicationTable' with entry UID 'FESupervisor' there is a disconnected child node at link column 'LinkToSupervisorTable' that points to table named 'FESupervisorTable' ...|ConfigurationManager: /scratch/workspace/otsdaq-release-build/SLF7/s128-e20-prof/build/otsdaq/v2_08_00-buildFW/src/otsdaq/ConfigurationInterface/ConfigurationManager.cc:2630 |	At node 'XDAQApplicationTable' with entry UID 'DataManagerSupervisor' there is a disconnected child node at link column 'LinkToSupervisorTable' that points to table named 'DataManagerSupervisorTable' ...|ConfigurationManager: /scratch/workspace/otsdaq-release-build/SLF7/s128-e20-prof/build/otsdaq/v2_08_00-buildFW/src/otsdaq/ConfigurationInterface/ConfigurationManager.cc:2630 |	At node 'XDAQApplicationTable' with entry UID 'VisualSupervisor' there is a disconnected child node at link column 'LinkToSupervisorTable' that points to table named 'DataManagerSupervisorTable' ...
admin	<>  PROCESSOR_COUNT 28 ==> 14 threads for initializing tables.
Fixing deprecated Supervisor class from ots::Supervisor to ots::GatewaySupervisor
admin	<> ------------------------------------- init complete 	 [for all plug-ins in Context group 'testContext(3)']
admin	<> Ignoring warnings while loading and activating group 'TableEditWizBackbone(4)'
TableBase-GroupCache_TableEditWizBackbone	<> TableBase for 'GroupCache_TableEditWizBackbone' constructed.
GROUP_CACHE-TABLE_EDIT_WIZ_BACKBONEv-2	<> TableView copy for 'GROUP_CACHE-TABLE_EDIT_WIZ_BACKBONE' done.
GROUP_CACHE-TABLE_EDIT_WIZ_BACKBONEv4	<> TableView copy for 'GROUP_CACHE-TABLE_EDIT_WIZ_BACKBONE' done.
admin	<> Ignoring that groupMetadataTable_ is missing for group 'TableEditWizBackbone(4). Going with anonymous defaults.
admin	<> ------------------------------------- init start    	 [for all plug-ins in Backbone group 'TableEditWizBackbone(4)']
admin	<>  PROCESSOR_COUNT 28 ==> 14 threads for initializing tables.
admin	<> ------------------------------------- init complete 	 [for all plug-ins in Backbone group 'TableEditWizBackbone(4)']
admin	<> Ignoring warnings while loading and activating group 'defaultConfig(2)'
TableBase-GroupCache_defaultConfig	<> TableBase for 'GroupCache_defaultConfig' constructed.
GROUP_CACHE-DEFAULT_CONFIGv-2	<> TableView copy for 'GROUP_CACHE-DEFAULT_CONFIG' done.
GROUP_CACHE-DEFAULT_CONFIGv2	<> TableView copy for 'GROUP_CACHE-DEFAULT_CONFIG' done.
admin	<> ------------------------------------- init start    	 [for all plug-ins in Configuration group 'defaultConfig(2)']
admin	<>  PROCESSOR_COUNT 28 ==> 14 threads for initializing tables.
admin	<> ------------------------------------- init complete 	 [for all plug-ins in Configuration group 'defaultConfig(2)']
admin	<> ======================================================== getAllTableInfo end runtime=3138.74
ConfigurationGUISupervisor:280	<> Using active groups.
ConfigurationGUISupervisor:280	<> FSM,Chat,Logbook,Visualizer,ConfigureGUI,FESubConfigGUI,DPSubConfigGUI,MacroMaker,ControlsDashboard,NOvALog,DBUtilities,Console,FEMacroTest,SmartLaunch,SystemDiagram
ConfigurationGUISupervisor:280	<> recordList FSM
ConfigurationGUISupervisor:280	<> recordList Chat
ConfigurationGUISupervisor:280	<> recordList Logbook
ConfigurationGUISupervisor:280	<> recordList Visualizer
ConfigurationGUISupervisor:280	<> recordList ConfigureGUI
ConfigurationGUISupervisor:280	<> recordList FESubConfigGUI
ConfigurationGUISupervisor:280	<> recordList DPSubConfigGUI
ConfigurationGUISupervisor:280	<> recordList MacroMaker
ConfigurationGUISupervisor:280	<> recordList ControlsDashboard
ConfigurationGUISupervisor:280	<> recordList NOvALog
ConfigurationGUISupervisor:280	<> recordList DBUtilities
ConfigurationGUISupervisor:280	<> recordList Console
ConfigurationGUISupervisor:280	<> recordList FEMacroTest
ConfigurationGUISupervisor:280	<> recordList SmartLaunch
ConfigurationGUISupervisor:280	<> recordList SystemDiagram
ConfigurationGUISupervisor:280	<> fieldList = Status,ForceOnlyOneInstance,RequiredPermissionLevel
ConfigurationGUISupervisor:280	<> StringMacros::vectorToString(fieldsToGet) = Status, ForceOnlyOneInstance, RequiredPermissionLevel
ConfigurationGUISupervisor:280	<> field = Status
ConfigurationGUISupervisor:280	<> uniqueValue Off
ConfigurationGUISupervisor:280	<> uniqueValue On
ConfigurationGUISupervisor:280	<> field = ForceOnlyOneInstance
ConfigurationGUISupervisor:280	<> uniqueValue False
ConfigurationGUISupervisor:280	<> uniqueValue True
ConfigurationGUISupervisor:280	<> field = RequiredPermissionLevel
ConfigurationGUISupervisor:280	<> uniqueValue 1
ConfigurationGUISupervisor:280	<> uniqueValue 10
ConfigurationGUISupervisor:280	<> uniqueValue 255
ConfigurationGUISupervisor:280	<> requestType: getTreeNodeCommonFields
ConfigurationGUISupervisor:280	<> tableGroup: 
ConfigurationGUISupervisor:280	<> tableGroupKey: -1
ConfigurationGUISupervisor:280	<> startPath: /DesktopIconTable
ConfigurationGUISupervisor:280	<> depth: -1
ConfigurationGUISupervisor:280	<> fieldList: 
ConfigurationGUISupervisor:280	<> recordList: FSM,Chat,Logbook,Visualizer,ConfigureGUI,FESubConfigGUI,DPSubConfigGUI,MacroMaker,ControlsDashboard,NOvALog,DBUtilities,Console,FEMacroTest,SmartLaunch,SystemDiagram
ConfigurationGUISupervisor:280	<> modifiedTables: 
ConfigurationGUISupervisor:280	<> Refreshing all table info, ignoring warnings...
admin	<> ======================================================== getAllTableInfo start runtime=3138.8
admin	<> Refreshing all! Extracting list of tables...
admin	<> Extracting list of tables complete.
admin	<> Now initializing...
admin	<> username_ = admin
admin	<> Destroying Configuration Key: 2
admin	<> Destroying Backbone Key: 4
admin	<> Destroying Context Key: 3
admin	<> ACTIVE_GROUPS_FILENAME = /home/mu2edaq/otsdaq_demo/srcs/otsdaq_demo/NoGitData/ServiceData/ActiveTableGroups.cfg
admin	<> ARTDAQ_DATABASE_URI = filesystemdb:///home/mu2edaq/otsdaq_demo/srcs/otsdaq_demo/NoGitDatabases/filesystemdb/test_db
admin	<> Ignoring warnings while loading and activating group 'testContext(3)'
TableBase-GroupCache_testContext	<> TableBase for 'GroupCache_testContext' constructed.
GROUP_CACHE-TEST_CONTEXTv-2	<> TableView copy for 'GROUP_CACHE-TEST_CONTEXT' done.
GROUP_CACHE-TEST_CONTEXTv3	<> TableView copy for 'GROUP_CACHE-TEST_CONTEXT' done.
admin	<> ------------------------------------- init start    	 [for all plug-ins in Context group 'testContext(3)']
admin	<> Errors detected while loading Table Group: testContext(3). Ignoring the following errors: 
|ConfigurationManager: /scratch/workspace/otsdaq-release-build/SLF7/s128-e20-prof/build/otsdaq/v2_08_00-buildFW/src/otsdaq/ConfigurationInterface/ConfigurationManager.cc:2630 |	At node 'XDAQApplicationTable' with entry UID 'FESupervisor' there is a disconnected child node at link column 'LinkToSupervisorTable' that points to table named 'FESupervisorTable' ...|ConfigurationManager: /scratch/workspace/otsdaq-release-build/SLF7/s128-e20-prof/build/otsdaq/v2_08_00-buildFW/src/otsdaq/ConfigurationInterface/ConfigurationManager.cc:2630 |	At node 'XDAQApplicationTable' with entry UID 'DataManagerSupervisor' there is a disconnected child node at link column 'LinkToSupervisorTable' that points to table named 'DataManagerSupervisorTable' ...|ConfigurationManager: /scratch/workspace/otsdaq-release-build/SLF7/s128-e20-prof/build/otsdaq/v2_08_00-buildFW/src/otsdaq/ConfigurationInterface/ConfigurationManager.cc:2630 |	At node 'XDAQApplicationTable' with entry UID 'VisualSupervisor' there is a disconnected child node at link column 'LinkToSupervisorTable' that points to table named 'DataManagerSupervisorTable' ...
admin	<>  PROCESSOR_COUNT 28 ==> 14 threads for initializing tables.
Fixing deprecated Supervisor class from ots::Supervisor to ots::GatewaySupervisor
admin	<> ------------------------------------- init complete 	 [for all plug-ins in Context group 'testContext(3)']
admin	<> Ignoring warnings while loading and activating group 'TableEditWizBackbone(4)'
TableBase-GroupCache_TableEditWizBackbone	<> TableBase for 'GroupCache_TableEditWizBackbone' constructed.
GROUP_CACHE-TABLE_EDIT_WIZ_BACKBONEv-2	<> TableView copy for 'GROUP_CACHE-TABLE_EDIT_WIZ_BACKBONE' done.
GROUP_CACHE-TABLE_EDIT_WIZ_BACKBONEv4	<> TableView copy for 'GROUP_CACHE-TABLE_EDIT_WIZ_BACKBONE' done.
admin	<> Ignoring that groupMetadataTable_ is missing for group 'TableEditWizBackbone(4). Going with anonymous defaults.
admin	<> ------------------------------------- init start    	 [for all plug-ins in Backbone group 'TableEditWizBackbone(4)']
admin	<>  PROCESSOR_COUNT 28 ==> 14 threads for initializing tables.
admin	<> ------------------------------------- init complete 	 [for all plug-ins in Backbone group 'TableEditWizBackbone(4)']
admin	<> Ignoring warnings while loading and activating group 'defaultConfig(2)'
TableBase-GroupCache_defaultConfig	<> TableBase for 'GroupCache_defaultConfig' constructed.
GROUP_CACHE-DEFAULT_CONFIGv-2	<> TableView copy for 'GROUP_CACHE-DEFAULT_CONFIG' done.
GROUP_CACHE-DEFAULT_CONFIGv2	<> TableView copy for 'GROUP_CACHE-DEFAULT_CONFIG' done.
admin	<> ------------------------------------- init start    	 [for all plug-ins in Configuration group 'defaultConfig(2)']
admin	<>  PROCESSOR_COUNT 28 ==> 14 threads for initializing tables.
admin	<> ------------------------------------- init complete 	 [for all plug-ins in Configuration group 'defaultConfig(2)']
admin	<> ======================================================== getAllTableInfo end runtime=3138.94
ConfigurationGUISupervisor:280	<> Using active groups.
ConfigurationGUISupervisor:280	<> FSM,Chat,Logbook,Visualizer,ConfigureGUI,FESubConfigGUI,DPSubConfigGUI,MacroMaker,ControlsDashboard,NOvALog,DBUtilities,Console,FEMacroTest,SmartLaunch,SystemDiagram
ConfigurationGUISupervisor:280	<> recordList FSM
ConfigurationGUISupervisor:280	<> recordList Chat
ConfigurationGUISupervisor:280	<> recordList Logbook
ConfigurationGUISupervisor:280	<> recordList Visualizer
ConfigurationGUISupervisor:280	<> recordList ConfigureGUI
ConfigurationGUISupervisor:280	<> recordList FESubConfigGUI
ConfigurationGUISupervisor:280	<> recordList DPSubConfigGUI
ConfigurationGUISupervisor:280	<> recordList MacroMaker
ConfigurationGUISupervisor:280	<> recordList ControlsDashboard
ConfigurationGUISupervisor:280	<> recordList NOvALog
ConfigurationGUISupervisor:280	<> recordList DBUtilities
ConfigurationGUISupervisor:280	<> recordList Console
ConfigurationGUISupervisor:280	<> recordList FEMacroTest
ConfigurationGUISupervisor:280	<> recordList SmartLaunch
ConfigurationGUISupervisor:280	<> recordList SystemDiagram
======================= check for count = 15
Checking Status = 15
Checking Caption = 15
Checking AlternateText = 15
Checking ForceOnlyOneInstance = 15
Checking RequiredPermissionLevel = 15
Checking ImageURL = 15
Checking WindowContentURL = 15
Checking LinkToApplicationTable = 15
Checking LinkToApplicationUID = 15
Checking LinkToParameterTable = 15
Checking LinkToParameterGroupID = 15
Checking FolderPath = 15
Checking CommentDescription = 15
Final Status
Final Caption
Final AlternateText
Final ForceOnlyOneInstance
Final RequiredPermissionLevel
Final ImageURL
Final WindowContentURL
Final LinkToApplicationTable
Final LinkToApplicationUID
Final LinkToParameterTable
Final LinkToParameterGroupID
Final FolderPath
Final CommentDescription
ConfigurationGUISupervisor:280	<> requestType: getTreeView
TableBase-TableGroupMetadata	<> Special table 'TableGroupMetadata' constructed. 1
READONLY_USER	<> runTimeSeconds() = 3.8774e-05
READONLY_USER	<> runTimeSeconds() = 7.3371e-05
READONLY_USER	<> runTimeSeconds() = 0.000260158
READONLY_USER	<> runTimeSeconds() = 0.00029677
READONLY_USER	<> Private constructor for write access called.
TreeDiff	<> Instantiating Config Manager with Write Access! (for TreeDiff) time=1718115742 runTimeSeconds()=0.000344438
TreeDiff	<> runTimeSeconds() = 0.000377637
ConfigurationGUISupervisor:280	<> Refreshing all table info, ignoring warnings...
admin	<> ======================================================== getAllTableInfo start runtime=3138.96
admin	<> Refreshing all! Extracting list of tables...
admin	<> Extracting list of tables complete.
admin	<> Now initializing...
admin	<> username_ = admin
admin	<> Destroying Configuration Key: 2
admin	<> Destroying Backbone Key: 4
admin	<> Destroying Context Key: 3
admin	<> ACTIVE_GROUPS_FILENAME = /home/mu2edaq/otsdaq_demo/srcs/otsdaq_demo/NoGitData/ServiceData/ActiveTableGroups.cfg
admin	<> ARTDAQ_DATABASE_URI = filesystemdb:///home/mu2edaq/otsdaq_demo/srcs/otsdaq_demo/NoGitDatabases/filesystemdb/test_db
admin	<> Ignoring warnings while loading and activating group 'testContext(3)'
TableBase-GroupCache_testContext	<> TableBase for 'GroupCache_testContext' constructed.
GROUP_CACHE-TEST_CONTEXTv-2	<> TableView copy for 'GROUP_CACHE-TEST_CONTEXT' done.
GROUP_CACHE-TEST_CONTEXTv3	<> TableView copy for 'GROUP_CACHE-TEST_CONTEXT' done.
admin	<> ------------------------------------- init start    	 [for all plug-ins in Context group 'testContext(3)']
admin	<> Errors detected while loading Table Group: testContext(3). Ignoring the following errors: 
|ConfigurationManager: /scratch/workspace/otsdaq-release-build/SLF7/s128-e20-prof/build/otsdaq/v2_08_00-buildFW/src/otsdaq/ConfigurationInterface/ConfigurationManager.cc:2630 |	At node 'XDAQApplicationTable' with entry UID 'FESupervisor' there is a disconnected child node at link column 'LinkToSupervisorTable' that points to table named 'FESupervisorTable' ...|ConfigurationManager: /scratch/workspace/otsdaq-release-build/SLF7/s128-e20-prof/build/otsdaq/v2_08_00-buildFW/src/otsdaq/ConfigurationInterface/ConfigurationManager.cc:2630 |	At node 'XDAQApplicationTable' with entry UID 'DataManagerSupervisor' there is a disconnected child node at link column 'LinkToSupervisorTable' that points to table named 'DataManagerSupervisorTable' ...|ConfigurationManager: /scratch/workspace/otsdaq-release-build/SLF7/s128-e20-prof/build/otsdaq/v2_08_00-buildFW/src/otsdaq/ConfigurationInterface/ConfigurationManager.cc:2630 |	At node 'XDAQApplicationTable' with entry UID 'VisualSupervisor' there is a disconnected child node at link column 'LinkToSupervisorTable' that points to table named 'DataManagerSupervisorTable' ...
admin	<>  PROCESSOR_COUNT 28 ==> 14 threads for initializing tables.
Fixing deprecated Supervisor class from ots::Supervisor to ots::GatewaySupervisor
admin	<> ------------------------------------- init complete 	 [for all plug-ins in Context group 'testContext(3)']
admin	<> Ignoring warnings while loading and activating group 'TableEditWizBackbone(4)'
TableBase-GroupCache_TableEditWizBackbone	<> TableBase for 'GroupCache_TableEditWizBackbone' constructed.
GROUP_CACHE-TABLE_EDIT_WIZ_BACKBONEv-2	<> TableView copy for 'GROUP_CACHE-TABLE_EDIT_WIZ_BACKBONE' done.
GROUP_CACHE-TABLE_EDIT_WIZ_BACKBONEv4	<> TableView copy for 'GROUP_CACHE-TABLE_EDIT_WIZ_BACKBONE' done.
admin	<> Ignoring that groupMetadataTable_ is missing for group 'TableEditWizBackbone(4). Going with anonymous defaults.
admin	<> ------------------------------------- init start    	 [for all plug-ins in Backbone group 'TableEditWizBackbone(4)']
admin	<>  PROCESSOR_COUNT 28 ==> 14 threads for initializing tables.
admin	<> ------------------------------------- init complete 	 [for all plug-ins in Backbone group 'TableEditWizBackbone(4)']
admin	<> Ignoring warnings while loading and activating group 'defaultConfig(2)'
TableBase-GroupCache_defaultConfig	<> TableBase for 'GroupCache_defaultConfig' constructed.
GROUP_CACHE-DEFAULT_CONFIGv-2	<> TableView copy for 'GROUP_CACHE-DEFAULT_CONFIG' done.
GROUP_CACHE-DEFAULT_CONFIGv2	<> TableView copy for 'GROUP_CACHE-DEFAULT_CONFIG' done.
admin	<> ------------------------------------- init start    	 [for all plug-ins in Configuration group 'defaultConfig(2)']
admin	<>  PROCESSOR_COUNT 28 ==> 14 threads for initializing tables.
admin	<> ------------------------------------- init complete 	 [for all plug-ins in Configuration group 'defaultConfig(2)']
admin	<> ======================================================== getAllTableInfo end runtime=3139.1
ConfigurationGUISupervisor:280	<> Using active groups.
StringMacros::mapToString(filterMap) = 
ConfigurationGUISupervisor:280	<> requestType: getTreeNodeCommonFields
ConfigurationGUISupervisor:280	<> tableGroup: 
ConfigurationGUISupervisor:280	<> tableGroupKey: -1
ConfigurationGUISupervisor:280	<> startPath: /DesktopIconTable
ConfigurationGUISupervisor:280	<> depth: -1
ConfigurationGUISupervisor:280	<> fieldList: 
ConfigurationGUISupervisor:280	<> recordList: FSM,Chat,Logbook,Visualizer,ConfigureGUI,FESubConfigGUI,DPSubConfigGUI,MacroMaker,ControlsDashboard,NOvALog,DBUtilities,Console,FEMacroTest,SmartLaunch,SystemDiagram
ConfigurationGUISupervisor:280	<> modifiedTables: 
ConfigurationGUISupervisor:280	<> Refreshing all table info, ignoring warnings...
admin	<> ======================================================== getAllTableInfo start runtime=3139.15
admin	<> Refreshing all! Extracting list of tables...
admin	<> Extracting list of tables complete.
admin	<> Now initializing...
admin	<> username_ = admin
admin	<> Destroying Configuration Key: 2
admin	<> Destroying Backbone Key: 4
admin	<> Destroying Context Key: 3
admin	<> ACTIVE_GROUPS_FILENAME = /home/mu2edaq/otsdaq_demo/srcs/otsdaq_demo/NoGitData/ServiceData/ActiveTableGroups.cfg
admin	<> ARTDAQ_DATABASE_URI = filesystemdb:///home/mu2edaq/otsdaq_demo/srcs/otsdaq_demo/NoGitDatabases/filesystemdb/test_db
admin	<> Ignoring warnings while loading and activating group 'testContext(3)'
TableBase-GroupCache_testContext	<> TableBase for 'GroupCache_testContext' constructed.
GROUP_CACHE-TEST_CONTEXTv-2	<> TableView copy for 'GROUP_CACHE-TEST_CONTEXT' done.
GROUP_CACHE-TEST_CONTEXTv3	<> TableView copy for 'GROUP_CACHE-TEST_CONTEXT' done.
admin	<> ------------------------------------- init start    	 [for all plug-ins in Context group 'testContext(3)']
admin	<> Errors detected while loading Table Group: testContext(3). Ignoring the following errors: 
|ConfigurationManager: /scratch/workspace/otsdaq-release-build/SLF7/s128-e20-prof/build/otsdaq/v2_08_00-buildFW/src/otsdaq/ConfigurationInterface/ConfigurationManager.cc:2630 |	At node 'XDAQApplicationTable' with entry UID 'FESupervisor' there is a disconnected child node at link column 'LinkToSupervisorTable' that points to table named 'FESupervisorTable' ...|ConfigurationManager: /scratch/workspace/otsdaq-release-build/SLF7/s128-e20-prof/build/otsdaq/v2_08_00-buildFW/src/otsdaq/ConfigurationInterface/ConfigurationManager.cc:2630 |	At node 'XDAQApplicationTable' with entry UID 'DataManagerSupervisor' there is a disconnected child node at link column 'LinkToSupervisorTable' that points to table named 'DataManagerSupervisorTable' ...|ConfigurationManager: /scratch/workspace/otsdaq-release-build/SLF7/s128-e20-prof/build/otsdaq/v2_08_00-buildFW/src/otsdaq/ConfigurationInterface/ConfigurationManager.cc:2630 |	At node 'XDAQApplicationTable' with entry UID 'VisualSupervisor' there is a disconnected child node at link column 'LinkToSupervisorTable' that points to table named 'DataManagerSupervisorTable' ...
admin	<>  PROCESSOR_COUNT 28 ==> 14 threads for initializing tables.
Fixing deprecated Supervisor class from ots::Supervisor to ots::GatewaySupervisor
admin	<> ------------------------------------- init complete 	 [for all plug-ins in Context group 'testContext(3)']
admin	<> Ignoring warnings while loading and activating group 'TableEditWizBackbone(4)'
TableBase-GroupCache_TableEditWizBackbone	<> TableBase for 'GroupCache_TableEditWizBackbone' constructed.
GROUP_CACHE-TABLE_EDIT_WIZ_BACKBONEv-2	<> TableView copy for 'GROUP_CACHE-TABLE_EDIT_WIZ_BACKBONE' done.
GROUP_CACHE-TABLE_EDIT_WIZ_BACKBONEv4	<> TableView copy for 'GROUP_CACHE-TABLE_EDIT_WIZ_BACKBONE' done.
admin	<> Ignoring that groupMetadataTable_ is missing for group 'TableEditWizBackbone(4). Going with anonymous defaults.
admin	<> ------------------------------------- init start    	 [for all plug-ins in Backbone group 'TableEditWizBackbone(4)']
admin	<>  PROCESSOR_COUNT 28 ==> 14 threads for initializing tables.
admin	<> ------------------------------------- init complete 	 [for all plug-ins in Backbone group 'TableEditWizBackbone(4)']
admin	<> Ignoring warnings while loading and activating group 'defaultConfig(2)'
TableBase-GroupCache_defaultConfig	<> TableBase for 'GroupCache_defaultConfig' constructed.
GROUP_CACHE-DEFAULT_CONFIGv-2	<> TableView copy for 'GROUP_CACHE-DEFAULT_CONFIG' done.
GROUP_CACHE-DEFAULT_CONFIGv2	<> TableView copy for 'GROUP_CACHE-DEFAULT_CONFIG' done.
admin	<> ------------------------------------- init start    	 [for all plug-ins in Configuration group 'defaultConfig(2)']
admin	<>  PROCESSOR_COUNT 28 ==> 14 threads for initializing tables.
admin	<> ------------------------------------- init complete 	 [for all plug-ins in Configuration group 'defaultConfig(2)']
admin	<> ======================================================== getAllTableInfo end runtime=3139.29
ConfigurationGUISupervisor:280	<> Using active groups.
ConfigurationGUISupervisor:280	<> FSM,Chat,Logbook,Visualizer,ConfigureGUI,FESubConfigGUI,DPSubConfigGUI,MacroMaker,ControlsDashboard,NOvALog,DBUtilities,Console,FEMacroTest,SmartLaunch,SystemDiagram
ConfigurationGUISupervisor:280	<> recordList FSM
ConfigurationGUISupervisor:280	<> recordList Chat
ConfigurationGUISupervisor:280	<> recordList Logbook
ConfigurationGUISupervisor:280	<> recordList Visualizer
ConfigurationGUISupervisor:280	<> recordList ConfigureGUI
ConfigurationGUISupervisor:280	<> recordList FESubConfigGUI
ConfigurationGUISupervisor:280	<> recordList DPSubConfigGUI
ConfigurationGUISupervisor:280	<> recordList MacroMaker
ConfigurationGUISupervisor:280	<> recordList ControlsDashboard
ConfigurationGUISupervisor:280	<> recordList NOvALog
ConfigurationGUISupervisor:280	<> recordList DBUtilities
ConfigurationGUISupervisor:280	<> recordList Console
ConfigurationGUISupervisor:280	<> recordList FEMacroTest
ConfigurationGUISupervisor:280	<> recordList SmartLaunch
ConfigurationGUISupervisor:280	<> recordList SystemDiagram
======================= check for count = 15
Checking Status = 15
Checking Caption = 15
Checking AlternateText = 15
Checking ForceOnlyOneInstance = 15
Checking RequiredPermissionLevel = 15
Checking ImageURL = 15
Checking WindowContentURL = 15
Checking LinkToApplicationTable = 15
Checking LinkToApplicationUID = 15
Checking LinkToParameterTable = 15
Checking LinkToParameterGroupID = 15
Checking FolderPath = 15
Checking CommentDescription = 15
Final Status
Final Caption
Final AlternateText
Final ForceOnlyOneInstance
Final RequiredPermissionLevel
Final ImageURL
Final WindowContentURL
Final LinkToApplicationTable
Final LinkToApplicationUID
Final LinkToParameterTable
Final LinkToParameterGroupID
Final FolderPath
Final CommentDescription
ConfigurationGUISupervisor:280	<> requestType: getTreeNodeFieldValues
ConfigurationGUISupervisor:280	<> tableGroup: 
ConfigurationGUISupervisor:280	<> tableGroupKey: -1
ConfigurationGUISupervisor:280	<> startPath: /DesktopIconTable
ConfigurationGUISupervisor:280	<> fieldList: Status,Caption,AlternateText,ForceOnlyOneInstance,RequiredPermissionLevel,ImageURL,WindowContentURL,LinkToApplicationTable,LinkToApplicationUID,LinkToParameterTable,LinkToParameterGroupID,FolderPath,CommentDescription
ConfigurationGUISupervisor:280	<> recordList: FSM
ConfigurationGUISupervisor:280	<> modifiedTables: 
ConfigurationGUISupervisor:280	<> Refreshing all table info, ignoring warnings...
admin	<> ======================================================== getAllTableInfo start runtime=3139.35
admin	<> Refreshing all! Extracting list of tables...
admin	<> Extracting list of tables complete.
admin	<> Now initializing...
admin	<> username_ = admin
admin	<> Destroying Configuration Key: 2
admin	<> Destroying Backbone Key: 4
admin	<> Destroying Context Key: 3
admin	<> ACTIVE_GROUPS_FILENAME = /home/mu2edaq/otsdaq_demo/srcs/otsdaq_demo/NoGitData/ServiceData/ActiveTableGroups.cfg
admin	<> ARTDAQ_DATABASE_URI = filesystemdb:///home/mu2edaq/otsdaq_demo/srcs/otsdaq_demo/NoGitDatabases/filesystemdb/test_db
admin	<> Ignoring warnings while loading and activating group 'testContext(3)'
TableBase-GroupCache_testContext	<> TableBase for 'GroupCache_testContext' constructed.
GROUP_CACHE-TEST_CONTEXTv-2	<> TableView copy for 'GROUP_CACHE-TEST_CONTEXT' done.
GROUP_CACHE-TEST_CONTEXTv3	<> TableView copy for 'GROUP_CACHE-TEST_CONTEXT' done.
admin	<> ------------------------------------- init start    	 [for all plug-ins in Context group 'testContext(3)']
admin	<> Errors detected while loading Table Group: testContext(3). Ignoring the following errors: 
|ConfigurationManager: /scratch/workspace/otsdaq-release-build/SLF7/s128-e20-prof/build/otsdaq/v2_08_00-buildFW/src/otsdaq/ConfigurationInterface/ConfigurationManager.cc:2630 |	At node 'XDAQApplicationTable' with entry UID 'FESupervisor' there is a disconnected child node at link column 'LinkToSupervisorTable' that points to table named 'FESupervisorTable' ...|ConfigurationManager: /scratch/workspace/otsdaq-release-build/SLF7/s128-e20-prof/build/otsdaq/v2_08_00-buildFW/src/otsdaq/ConfigurationInterface/ConfigurationManager.cc:2630 |	At node 'XDAQApplicationTable' with entry UID 'DataManagerSupervisor' there is a disconnected child node at link column 'LinkToSupervisorTable' that points to table named 'DataManagerSupervisorTable' ...|ConfigurationManager: /scratch/workspace/otsdaq-release-build/SLF7/s128-e20-prof/build/otsdaq/v2_08_00-buildFW/src/otsdaq/ConfigurationInterface/ConfigurationManager.cc:2630 |	At node 'XDAQApplicationTable' with entry UID 'VisualSupervisor' there is a disconnected child node at link column 'LinkToSupervisorTable' that points to table named 'DataManagerSupervisorTable' ...
admin	<>  PROCESSOR_COUNT 28 ==> 14 threads for initializing tables.
Fixing deprecated Supervisor class from ots::Supervisor to ots::GatewaySupervisor
admin	<> ------------------------------------- init complete 	 [for all plug-ins in Context group 'testContext(3)']
admin	<> Ignoring warnings while loading and activating group 'TableEditWizBackbone(4)'
TableBase-GroupCache_TableEditWizBackbone	<> TableBase for 'GroupCache_TableEditWizBackbone' constructed.
GROUP_CACHE-TABLE_EDIT_WIZ_BACKBONEv-2	<> TableView copy for 'GROUP_CACHE-TABLE_EDIT_WIZ_BACKBONE' done.
GROUP_CACHE-TABLE_EDIT_WIZ_BACKBONEv4	<> TableView copy for 'GROUP_CACHE-TABLE_EDIT_WIZ_BACKBONE' done.
admin	<> Ignoring that groupMetadataTable_ is missing for group 'TableEditWizBackbone(4). Going with anonymous defaults.
admin	<> ------------------------------------- init start    	 [for all plug-ins in Backbone group 'TableEditWizBackbone(4)']
admin	<>  PROCESSOR_COUNT 28 ==> 14 threads for initializing tables.
admin	<> ------------------------------------- init complete 	 [for all plug-ins in Backbone group 'TableEditWizBackbone(4)']
admin	<> Ignoring warnings while loading and activating group 'defaultConfig(2)'
TableBase-GroupCache_defaultConfig	<> TableBase for 'GroupCache_defaultConfig' constructed.
GROUP_CACHE-DEFAULT_CONFIGv-2	<> TableView copy for 'GROUP_CACHE-DEFAULT_CONFIG' done.
GROUP_CACHE-DEFAULT_CONFIGv2	<> TableView copy for 'GROUP_CACHE-DEFAULT_CONFIG' done.
admin	<> ------------------------------------- init start    	 [for all plug-ins in Configuration group 'defaultConfig(2)']
admin	<>  PROCESSOR_COUNT 28 ==> 14 threads for initializing tables.
admin	<> ------------------------------------- init complete 	 [for all plug-ins in Configuration group 'defaultConfig(2)']
admin	<> ======================================================== getAllTableInfo end runtime=3139.49
ConfigurationGUISupervisor:280	<> Using active groups.
ConfigurationGUISupervisor:280	<> Status,Caption,AlternateText,ForceOnlyOneInstance,RequiredPermissionLevel,ImageURL,WindowContentURL,LinkToApplicationTable,LinkToApplicationUID,LinkToParameterTable,LinkToParameterGroupID,FolderPath,CommentDescription
ConfigurationGUISupervisor:280	<> recordUID FSM
ConfigurationGUISupervisor:280	<> requestType: getTreeNodeFieldValues
ConfigurationGUISupervisor:280	<> tableGroup: 
ConfigurationGUISupervisor:280	<> tableGroupKey: -1
ConfigurationGUISupervisor:280	<> startPath: /DesktopIconTable
ConfigurationGUISupervisor:280	<> fieldList: Status,Caption,AlternateText,ForceOnlyOneInstance,RequiredPermissionLevel,ImageURL,WindowContentURL,LinkToApplicationTable,LinkToApplicationUID,LinkToParameterTable,LinkToParameterGroupID,FolderPath,CommentDescription
ConfigurationGUISupervisor:280	<> recordList: MacroMaker
ConfigurationGUISupervisor:280	<> modifiedTables: 
ConfigurationGUISupervisor:280	<> Refreshing all table info, ignoring warnings...
admin	<> ======================================================== getAllTableInfo start runtime=3147.75
admin	<> Refreshing all! Extracting list of tables...
admin	<> Extracting list of tables complete.
admin	<> Now initializing...
admin	<> username_ = admin
admin	<> Destroying Configuration Key: 2
admin	<> Destroying Backbone Key: 4
admin	<> Destroying Context Key: 3
admin	<> ACTIVE_GROUPS_FILENAME = /home/mu2edaq/otsdaq_demo/srcs/otsdaq_demo/NoGitData/ServiceData/ActiveTableGroups.cfg
admin	<> ARTDAQ_DATABASE_URI = filesystemdb:///home/mu2edaq/otsdaq_demo/srcs/otsdaq_demo/NoGitDatabases/filesystemdb/test_db
admin	<> Ignoring warnings while loading and activating group 'testContext(3)'
TableBase-GroupCache_testContext	<> TableBase for 'GroupCache_testContext' constructed.
GROUP_CACHE-TEST_CONTEXTv-2	<> TableView copy for 'GROUP_CACHE-TEST_CONTEXT' done.
GROUP_CACHE-TEST_CONTEXTv3	<> TableView copy for 'GROUP_CACHE-TEST_CONTEXT' done.
admin	<> ------------------------------------- init start    	 [for all plug-ins in Context group 'testContext(3)']
admin	<> Errors detected while loading Table Group: testContext(3). Ignoring the following errors: 
|ConfigurationManager: /scratch/workspace/otsdaq-release-build/SLF7/s128-e20-prof/build/otsdaq/v2_08_00-buildFW/src/otsdaq/ConfigurationInterface/ConfigurationManager.cc:2630 |	At node 'XDAQApplicationTable' with entry UID 'FESupervisor' there is a disconnected child node at link column 'LinkToSupervisorTable' that points to table named 'FESupervisorTable' ...|ConfigurationManager: /scratch/workspace/otsdaq-release-build/SLF7/s128-e20-prof/build/otsdaq/v2_08_00-buildFW/src/otsdaq/ConfigurationInterface/ConfigurationManager.cc:2630 |	At node 'XDAQApplicationTable' with entry UID 'DataManagerSupervisor' there is a disconnected child node at link column 'LinkToSupervisorTable' that points to table named 'DataManagerSupervisorTable' ...|ConfigurationManager: /scratch/workspace/otsdaq-release-build/SLF7/s128-e20-prof/build/otsdaq/v2_08_00-buildFW/src/otsdaq/ConfigurationInterface/ConfigurationManager.cc:2630 |	At node 'XDAQApplicationTable' with entry UID 'VisualSupervisor' there is a disconnected child node at link column 'LinkToSupervisorTable' that points to table named 'DataManagerSupervisorTable' ...
admin	<>  PROCESSOR_COUNT 28 ==> 14 threads for initializing tables.
Fixing deprecated Supervisor class from ots::Supervisor to ots::GatewaySupervisor
admin	<> ------------------------------------- init complete 	 [for all plug-ins in Context group 'testContext(3)']
admin	<> Ignoring warnings while loading and activating group 'TableEditWizBackbone(4)'
TableBase-GroupCache_TableEditWizBackbone	<> TableBase for 'GroupCache_TableEditWizBackbone' constructed.
GROUP_CACHE-TABLE_EDIT_WIZ_BACKBONEv-2	<> TableView copy for 'GROUP_CACHE-TABLE_EDIT_WIZ_BACKBONE' done.
GROUP_CACHE-TABLE_EDIT_WIZ_BACKBONEv4	<> TableView copy for 'GROUP_CACHE-TABLE_EDIT_WIZ_BACKBONE' done.
admin	<> Ignoring that groupMetadataTable_ is missing for group 'TableEditWizBackbone(4). Going with anonymous defaults.
admin	<> ------------------------------------- init start    	 [for all plug-ins in Backbone group 'TableEditWizBackbone(4)']
admin	<>  PROCESSOR_COUNT 28 ==> 14 threads for initializing tables.
admin	<> ------------------------------------- init complete 	 [for all plug-ins in Backbone group 'TableEditWizBackbone(4)']
admin	<> Ignoring warnings while loading and activating group 'defaultConfig(2)'
TableBase-GroupCache_defaultConfig	<> TableBase for 'GroupCache_defaultConfig' constructed.
GROUP_CACHE-DEFAULT_CONFIGv-2	<> TableView copy for 'GROUP_CACHE-DEFAULT_CONFIG' done.
GROUP_CACHE-DEFAULT_CONFIGv2	<> TableView copy for 'GROUP_CACHE-DEFAULT_CONFIG' done.
admin	<> ------------------------------------- init start    	 [for all plug-ins in Configuration group 'defaultConfig(2)']
admin	<>  PROCESSOR_COUNT 28 ==> 14 threads for initializing tables.
admin	<> ------------------------------------- init complete 	 [for all plug-ins in Configuration group 'defaultConfig(2)']
admin	<> ======================================================== getAllTableInfo end runtime=3147.9
ConfigurationGUISupervisor:280	<> Using active groups.
ConfigurationGUISupervisor:280	<> Status,Caption,AlternateText,ForceOnlyOneInstance,RequiredPermissionLevel,ImageURL,WindowContentURL,LinkToApplicationTable,LinkToApplicationUID,LinkToParameterTable,LinkToParameterGroupID,FolderPath,CommentDescription
ConfigurationGUISupervisor:280	<> recordUID MacroMaker
ConfigurationGUISupervisor:280	<> requestType: getTreeView
TableBase-TableGroupMetadata	<> Special table 'TableGroupMetadata' constructed. 1
READONLY_USER	<> runTimeSeconds() = 7.1621e-05
READONLY_USER	<> runTimeSeconds() = 0.000130534
READONLY_USER	<> runTimeSeconds() = 0.000422727
READONLY_USER	<> runTimeSeconds() = 0.00047132
READONLY_USER	<> Private constructor for write access called.
TreeDiff	<> Instantiating Config Manager with Write Access! (for TreeDiff) time=1718115766 runTimeSeconds()=0.000566743
TreeDiff	<> runTimeSeconds() = 0.000621232
ConfigurationGUISupervisor:280	<> Refreshing all table info, ignoring warnings...
admin	<> ======================================================== getAllTableInfo start runtime=3163.06
admin	<> Refreshing all! Extracting list of tables...
admin	<> Extracting list of tables complete.
admin	<> Now initializing...
admin	<> username_ = admin
admin	<> Destroying Configuration Key: 2
admin	<> Destroying Backbone Key: 4
admin	<> Destroying Context Key: 3
admin	<> ACTIVE_GROUPS_FILENAME = /home/mu2edaq/otsdaq_demo/srcs/otsdaq_demo/NoGitData/ServiceData/ActiveTableGroups.cfg
admin	<> ARTDAQ_DATABASE_URI = filesystemdb:///home/mu2edaq/otsdaq_demo/srcs/otsdaq_demo/NoGitDatabases/filesystemdb/test_db
admin	<> Ignoring warnings while loading and activating group 'testContext(3)'
TableBase-GroupCache_testContext	<> TableBase for 'GroupCache_testContext' constructed.
GROUP_CACHE-TEST_CONTEXTv-2	<> TableView copy for 'GROUP_CACHE-TEST_CONTEXT' done.
GROUP_CACHE-TEST_CONTEXTv3	<> TableView copy for 'GROUP_CACHE-TEST_CONTEXT' done.
admin	<> ------------------------------------- init start    	 [for all plug-ins in Context group 'testContext(3)']
admin	<> Errors detected while loading Table Group: testContext(3). Ignoring the following errors: 
|ConfigurationManager: /scratch/workspace/otsdaq-release-build/SLF7/s128-e20-prof/build/otsdaq/v2_08_00-buildFW/src/otsdaq/ConfigurationInterface/ConfigurationManager.cc:2630 |	At node 'XDAQApplicationTable' with entry UID 'FESupervisor' there is a disconnected child node at link column 'LinkToSupervisorTable' that points to table named 'FESupervisorTable' ...|ConfigurationManager: /scratch/workspace/otsdaq-release-build/SLF7/s128-e20-prof/build/otsdaq/v2_08_00-buildFW/src/otsdaq/ConfigurationInterface/ConfigurationManager.cc:2630 |	At node 'XDAQApplicationTable' with entry UID 'DataManagerSupervisor' there is a disconnected child node at link column 'LinkToSupervisorTable' that points to table named 'DataManagerSupervisorTable' ...|ConfigurationManager: /scratch/workspace/otsdaq-release-build/SLF7/s128-e20-prof/build/otsdaq/v2_08_00-buildFW/src/otsdaq/ConfigurationInterface/ConfigurationManager.cc:2630 |	At node 'XDAQApplicationTable' with entry UID 'VisualSupervisor' there is a disconnected child node at link column 'LinkToSupervisorTable' that points to table named 'DataManagerSupervisorTable' ...
admin	<>  PROCESSOR_COUNT 28 ==> 14 threads for initializing tables.
Fixing deprecated Supervisor class from ots::Supervisor to ots::GatewaySupervisor
admin	<> ------------------------------------- init complete 	 [for all plug-ins in Context group 'testContext(3)']
admin	<> Ignoring warnings while loading and activating group 'TableEditWizBackbone(4)'
TableBase-GroupCache_TableEditWizBackbone	<> TableBase for 'GroupCache_TableEditWizBackbone' constructed.
GROUP_CACHE-TABLE_EDIT_WIZ_BACKBONEv-2	<> TableView copy for 'GROUP_CACHE-TABLE_EDIT_WIZ_BACKBONE' done.
GROUP_CACHE-TABLE_EDIT_WIZ_BACKBONEv4	<> TableView copy for 'GROUP_CACHE-TABLE_EDIT_WIZ_BACKBONE' done.
admin	<> Ignoring that groupMetadataTable_ is missing for group 'TableEditWizBackbone(4). Going with anonymous defaults.
admin	<> ------------------------------------- init start    	 [for all plug-ins in Backbone group 'TableEditWizBackbone(4)']
admin	<>  PROCESSOR_COUNT 28 ==> 14 threads for initializing tables.
admin	<> ------------------------------------- init complete 	 [for all plug-ins in Backbone group 'TableEditWizBackbone(4)']
admin	<> Ignoring warnings while loading and activating group 'defaultConfig(2)'
TableBase-GroupCache_defaultConfig	<> TableBase for 'GroupCache_defaultConfig' constructed.
GROUP_CACHE-DEFAULT_CONFIGv-2	<> TableView copy for 'GROUP_CACHE-DEFAULT_CONFIG' done.
GROUP_CACHE-DEFAULT_CONFIGv2	<> TableView copy for 'GROUP_CACHE-DEFAULT_CONFIG' done.
admin	<> ------------------------------------- init start    	 [for all plug-ins in Configuration group 'defaultConfig(2)']
admin	<>  PROCESSOR_COUNT 28 ==> 14 threads for initializing tables.
admin	<> ------------------------------------- init complete 	 [for all plug-ins in Configuration group 'defaultConfig(2)']
admin	<> ======================================================== getAllTableInfo end runtime=3163.22
ConfigurationGUISupervisor:280	<> Using active groups.
StringMacros::mapToString(filterMap) = 
ConfigurationGUISupervisor:280	<> requestType: getUniqueFieldValuesForRecords
ConfigurationGUISupervisor:280	<> tableGroup: 
ConfigurationGUISupervisor:280	<> tableGroupKey: -1
ConfigurationGUISupervisor:280	<> startPath: /XDAQApplicationTable
ConfigurationGUISupervisor:280	<> fieldList: AUTO
ConfigurationGUISupervisor:280	<> recordList: Supervisor,FESupervisor,ChatSupervisor,ConsoleSupervisor,DataManagerSupervisor,LogbookSupervisor,VisualSupervisor,ConfigurationGUISupervisor,ControlsDashboardSupervisor,MacroMakerSupervisor
ConfigurationGUISupervisor:280	<> modifiedTables: 
ConfigurationGUISupervisor:280	<> Refreshing all table info, ignoring warnings...
admin	<> ======================================================== getAllTableInfo start runtime=3163.23
admin	<> Refreshing all! Extracting list of tables...
admin	<> Extracting list of tables complete.
admin	<> Now initializing...
admin	<> username_ = admin
admin	<> Destroying Configuration Key: 2
admin	<> Destroying Backbone Key: 4
admin	<> Destroying Context Key: 3
admin	<> ACTIVE_GROUPS_FILENAME = /home/mu2edaq/otsdaq_demo/srcs/otsdaq_demo/NoGitData/ServiceData/ActiveTableGroups.cfg
admin	<> ARTDAQ_DATABASE_URI = filesystemdb:///home/mu2edaq/otsdaq_demo/srcs/otsdaq_demo/NoGitDatabases/filesystemdb/test_db
admin	<> Ignoring warnings while loading and activating group 'testContext(3)'
TableBase-GroupCache_testContext	<> TableBase for 'GroupCache_testContext' constructed.
GROUP_CACHE-TEST_CONTEXTv-2	<> TableView copy for 'GROUP_CACHE-TEST_CONTEXT' done.
GROUP_CACHE-TEST_CONTEXTv3	<> TableView copy for 'GROUP_CACHE-TEST_CONTEXT' done.
admin	<> ------------------------------------- init start    	 [for all plug-ins in Context group 'testContext(3)']
admin	<> Errors detected while loading Table Group: testContext(3). Ignoring the following errors: 
|ConfigurationManager: /scratch/workspace/otsdaq-release-build/SLF7/s128-e20-prof/build/otsdaq/v2_08_00-buildFW/src/otsdaq/ConfigurationInterface/ConfigurationManager.cc:2630 |	At node 'XDAQApplicationTable' with entry UID 'FESupervisor' there is a disconnected child node at link column 'LinkToSupervisorTable' that points to table named 'FESupervisorTable' ...|ConfigurationManager: /scratch/workspace/otsdaq-release-build/SLF7/s128-e20-prof/build/otsdaq/v2_08_00-buildFW/src/otsdaq/ConfigurationInterface/ConfigurationManager.cc:2630 |	At node 'XDAQApplicationTable' with entry UID 'DataManagerSupervisor' there is a disconnected child node at link column 'LinkToSupervisorTable' that points to table named 'DataManagerSupervisorTable' ...|ConfigurationManager: /scratch/workspace/otsdaq-release-build/SLF7/s128-e20-prof/build/otsdaq/v2_08_00-buildFW/src/otsdaq/ConfigurationInterface/ConfigurationManager.cc:2630 |	At node 'XDAQApplicationTable' with entry UID 'VisualSupervisor' there is a disconnected child node at link column 'LinkToSupervisorTable' that points to table named 'DataManagerSupervisorTable' ...
admin	<>  PROCESSOR_COUNT 28 ==> 14 threads for initializing tables.
Fixing deprecated Supervisor class from ots::Supervisor to ots::GatewaySupervisor
admin	<> ------------------------------------- init complete 	 [for all plug-ins in Context group 'testContext(3)']
admin	<> Ignoring warnings while loading and activating group 'TableEditWizBackbone(4)'
TableBase-GroupCache_TableEditWizBackbone	<> TableBase for 'GroupCache_TableEditWizBackbone' constructed.
GROUP_CACHE-TABLE_EDIT_WIZ_BACKBONEv-2	<> TableView copy for 'GROUP_CACHE-TABLE_EDIT_WIZ_BACKBONE' done.
GROUP_CACHE-TABLE_EDIT_WIZ_BACKBONEv4	<> TableView copy for 'GROUP_CACHE-TABLE_EDIT_WIZ_BACKBONE' done.
admin	<> Ignoring that groupMetadataTable_ is missing for group 'TableEditWizBackbone(4). Going with anonymous defaults.
admin	<> ------------------------------------- init start    	 [for all plug-ins in Backbone group 'TableEditWizBackbone(4)']
admin	<>  PROCESSOR_COUNT 28 ==> 14 threads for initializing tables.
admin	<> ------------------------------------- init complete 	 [for all plug-ins in Backbone group 'TableEditWizBackbone(4)']
admin	<> Ignoring warnings while loading and activating group 'defaultConfig(2)'
TableBase-GroupCache_defaultConfig	<> TableBase for 'GroupCache_defaultConfig' constructed.
GROUP_CACHE-DEFAULT_CONFIGv-2	<> TableView copy for 'GROUP_CACHE-DEFAULT_CONFIG' done.
GROUP_CACHE-DEFAULT_CONFIGv2	<> TableView copy for 'GROUP_CACHE-DEFAULT_CONFIG' done.
admin	<> ------------------------------------- init start    	 [for all plug-ins in Configuration group 'defaultConfig(2)']
admin	<>  PROCESSOR_COUNT 28 ==> 14 threads for initializing tables.
admin	<> ------------------------------------- init complete 	 [for all plug-ins in Configuration group 'defaultConfig(2)']
admin	<> ======================================================== getAllTableInfo end runtime=3163.37
ConfigurationGUISupervisor:280	<> Using active groups.
ConfigurationGUISupervisor:280	<> Supervisor,FESupervisor,ChatSupervisor,ConsoleSupervisor,DataManagerSupervisor,LogbookSupervisor,VisualSupervisor,ConfigurationGUISupervisor,ControlsDashboardSupervisor,MacroMakerSupervisor
ConfigurationGUISupervisor:280	<> recordList Supervisor
ConfigurationGUISupervisor:280	<> recordList FESupervisor
ConfigurationGUISupervisor:280	<> recordList ChatSupervisor
ConfigurationGUISupervisor:280	<> recordList ConsoleSupervisor
ConfigurationGUISupervisor:280	<> recordList DataManagerSupervisor
ConfigurationGUISupervisor:280	<> recordList LogbookSupervisor
ConfigurationGUISupervisor:280	<> recordList VisualSupervisor
ConfigurationGUISupervisor:280	<> recordList ConfigurationGUISupervisor
ConfigurationGUISupervisor:280	<> recordList ControlsDashboardSupervisor
ConfigurationGUISupervisor:280	<> recordList MacroMakerSupervisor
ConfigurationGUISupervisor:280	<> Getting AUTO filter fields!
======================= check for count = 10
Checking ApplicationGroupID = 10
Checking LinkToSupervisorTable = 10
Checking LinkToSupervisorUID = 10
Checking LinkToSupervisorTable/NumberOfStateMachineBroadcastThreads = 1
Checking LinkToSupervisorTable/LinkToStateMachineTable = 1
Checking LinkToSupervisorTable/StateMachineGroupID = 1
Checking LinkToSupervisorTable/EnableApplicationStatusMonitoring = 1
Checking LinkToSupervisorTable/EnableStateChangesOverUDP = 1
Checking LinkToSupervisorTable/IPAddressForStateChangesOverUDP = 1
Checking LinkToSupervisorTable/PortForStateChangesOverUDP = 1
Checking LinkToSupervisorTable/EnableAckForStateChangesOverUDP = 1
Checking LinkToSupervisorTable/EnableARTDAQCommanderPlugin = 1
Checking LinkToSupervisorTable/ARTDAQCommanderPluginType = 1
Checking LinkToSupervisorTable/ARTDAQCommanderID = 1
Checking Status = 10
Checking Class = 10
Checking Id = 10
Checking Instance = 10
Checking Network = 10
Checking Group = 10
Checking Module = 10
Checking ConfigurePriority = 10
Checking StartPriority = 10
Checking StopPriority = 10
Checking LinkToPropertyTable = 10
Checking LinkToPropertyGroupID = 10
StringMacros::setToString(prioritySet) = 0:3, 1:0, 3:4, 3:6, 3:7, 3:8, 3:9, 10:10, 10:11, 10:12
Final ApplicationGroupID
Final Status
Final Class
ConfigurationGUISupervisor:280	<> StringMacros::vectorToString(fieldsToGet) = ApplicationGroupID, Status, Class
ConfigurationGUISupervisor:280	<> field = ApplicationGroupID
ConfigurationGUISupervisor:280	<> uniqueValue testContextApps
ConfigurationGUISupervisor:280	<> field = Status
ConfigurationGUISupervisor:280	<> uniqueValue Off
ConfigurationGUISupervisor:280	<> uniqueValue On
ConfigurationGUISupervisor:280	<> field = Class
ConfigurationGUISupervisor:280	<> uniqueValue ots::ChatSupervisor
ConfigurationGUISupervisor:280	<> uniqueValue ots::ConfigurationGUISupervisor
ConfigurationGUISupervisor:280	<> uniqueValue ots::ConsoleSupervisor
ConfigurationGUISupervisor:280	<> uniqueValue ots::ControlsDashboardSupervisor
ConfigurationGUISupervisor:280	<> uniqueValue ots::DataManagerSupervisor
ConfigurationGUISupervisor:280	<> uniqueValue ots::FESupervisor
ConfigurationGUISupervisor:280	<> uniqueValue ots::LogbookSupervisor
ConfigurationGUISupervisor:280	<> uniqueValue ots::MacroMakerSupervisor
ConfigurationGUISupervisor:280	<> uniqueValue ots::Supervisor
ConfigurationGUISupervisor:280	<> uniqueValue ots::VisualSupervisor
ConfigurationGUISupervisor:280	<> requestType: getTreeNodeCommonFields
ConfigurationGUISupervisor:280	<> tableGroup: 
ConfigurationGUISupervisor:280	<> tableGroupKey: -1
ConfigurationGUISupervisor:280	<> startPath: /XDAQApplicationTable
ConfigurationGUISupervisor:280	<> depth: -1
ConfigurationGUISupervisor:280	<> fieldList: !*CommentDescription
ConfigurationGUISupervisor:280	<> recordList: Supervisor,FESupervisor,ChatSupervisor,ConsoleSupervisor,DataManagerSupervisor,LogbookSupervisor,VisualSupervisor,ConfigurationGUISupervisor,ControlsDashboardSupervisor,MacroMakerSupervisor
ConfigurationGUISupervisor:280	<> modifiedTables: 
ConfigurationGUISupervisor:280	<> Refreshing all table info, ignoring warnings...
admin	<> ======================================================== getAllTableInfo start runtime=3163.43
admin	<> Refreshing all! Extracting list of tables...
admin	<> Extracting list of tables complete.
admin	<> Now initializing...
admin	<> username_ = admin
admin	<> Destroying Configuration Key: 2
admin	<> Destroying Backbone Key: 4
admin	<> Destroying Context Key: 3
admin	<> ACTIVE_GROUPS_FILENAME = /home/mu2edaq/otsdaq_demo/srcs/otsdaq_demo/NoGitData/ServiceData/ActiveTableGroups.cfg
admin	<> ARTDAQ_DATABASE_URI = filesystemdb:///home/mu2edaq/otsdaq_demo/srcs/otsdaq_demo/NoGitDatabases/filesystemdb/test_db
admin	<> Ignoring warnings while loading and activating group 'testContext(3)'
TableBase-GroupCache_testContext	<> TableBase for 'GroupCache_testContext' constructed.
GROUP_CACHE-TEST_CONTEXTv-2	<> TableView copy for 'GROUP_CACHE-TEST_CONTEXT' done.
GROUP_CACHE-TEST_CONTEXTv3	<> TableView copy for 'GROUP_CACHE-TEST_CONTEXT' done.
admin	<> ------------------------------------- init start    	 [for all plug-ins in Context group 'testContext(3)']
admin	<> Errors detected while loading Table Group: testContext(3). Ignoring the following errors: 
|ConfigurationManager: /scratch/workspace/otsdaq-release-build/SLF7/s128-e20-prof/build/otsdaq/v2_08_00-buildFW/src/otsdaq/ConfigurationInterface/ConfigurationManager.cc:2630 |	At node 'XDAQApplicationTable' with entry UID 'FESupervisor' there is a disconnected child node at link column 'LinkToSupervisorTable' that points to table named 'FESupervisorTable' ...|ConfigurationManager: /scratch/workspace/otsdaq-release-build/SLF7/s128-e20-prof/build/otsdaq/v2_08_00-buildFW/src/otsdaq/ConfigurationInterface/ConfigurationManager.cc:2630 |	At node 'XDAQApplicationTable' with entry UID 'DataManagerSupervisor' there is a disconnected child node at link column 'LinkToSupervisorTable' that points to table named 'DataManagerSupervisorTable' ...|ConfigurationManager: /scratch/workspace/otsdaq-release-build/SLF7/s128-e20-prof/build/otsdaq/v2_08_00-buildFW/src/otsdaq/ConfigurationInterface/ConfigurationManager.cc:2630 |	At node 'XDAQApplicationTable' with entry UID 'VisualSupervisor' there is a disconnected child node at link column 'LinkToSupervisorTable' that points to table named 'DataManagerSupervisorTable' ...
admin	<>  PROCESSOR_COUNT 28 ==> 14 threads for initializing tables.
Fixing deprecated Supervisor class from ots::Supervisor to ots::GatewaySupervisor
admin	<> ------------------------------------- init complete 	 [for all plug-ins in Context group 'testContext(3)']
admin	<> Ignoring warnings while loading and activating group 'TableEditWizBackbone(4)'
TableBase-GroupCache_TableEditWizBackbone	<> TableBase for 'GroupCache_TableEditWizBackbone' constructed.
GROUP_CACHE-TABLE_EDIT_WIZ_BACKBONEv-2	<> TableView copy for 'GROUP_CACHE-TABLE_EDIT_WIZ_BACKBONE' done.
GROUP_CACHE-TABLE_EDIT_WIZ_BACKBONEv4	<> TableView copy for 'GROUP_CACHE-TABLE_EDIT_WIZ_BACKBONE' done.
admin	<> Ignoring that groupMetadataTable_ is missing for group 'TableEditWizBackbone(4). Going with anonymous defaults.
admin	<> ------------------------------------- init start    	 [for all plug-ins in Backbone group 'TableEditWizBackbone(4)']
admin	<>  PROCESSOR_COUNT 28 ==> 14 threads for initializing tables.
admin	<> ------------------------------------- init complete 	 [for all plug-ins in Backbone group 'TableEditWizBackbone(4)']
admin	<> Ignoring warnings while loading and activating group 'defaultConfig(2)'
TableBase-GroupCache_defaultConfig	<> TableBase for 'GroupCache_defaultConfig' constructed.
GROUP_CACHE-DEFAULT_CONFIGv-2	<> TableView copy for 'GROUP_CACHE-DEFAULT_CONFIG' done.
GROUP_CACHE-DEFAULT_CONFIGv2	<> TableView copy for 'GROUP_CACHE-DEFAULT_CONFIG' done.
admin	<> ------------------------------------- init start    	 [for all plug-ins in Configuration group 'defaultConfig(2)']
admin	<>  PROCESSOR_COUNT 28 ==> 14 threads for initializing tables.
admin	<> ------------------------------------- init complete 	 [for all plug-ins in Configuration group 'defaultConfig(2)']
admin	<> ======================================================== getAllTableInfo end runtime=3163.57
ConfigurationGUISupervisor:280	<> Using active groups.
ConfigurationGUISupervisor:280	<> !*CommentDescription
ConfigurationGUISupervisor:280	<> fieldRejectList *CommentDescription
ConfigurationGUISupervisor:280	<> Supervisor,FESupervisor,ChatSupervisor,ConsoleSupervisor,DataManagerSupervisor,LogbookSupervisor,VisualSupervisor,ConfigurationGUISupervisor,ControlsDashboardSupervisor,MacroMakerSupervisor
ConfigurationGUISupervisor:280	<> recordList Supervisor
ConfigurationGUISupervisor:280	<> recordList FESupervisor
ConfigurationGUISupervisor:280	<> recordList ChatSupervisor
ConfigurationGUISupervisor:280	<> recordList ConsoleSupervisor
ConfigurationGUISupervisor:280	<> recordList DataManagerSupervisor
ConfigurationGUISupervisor:280	<> recordList LogbookSupervisor
ConfigurationGUISupervisor:280	<> recordList VisualSupervisor
ConfigurationGUISupervisor:280	<> recordList ConfigurationGUISupervisor
ConfigurationGUISupervisor:280	<> recordList ControlsDashboardSupervisor
ConfigurationGUISupervisor:280	<> recordList MacroMakerSupervisor
======================= check for count = 10
Checking ApplicationGroupID = 10
Checking LinkToSupervisorTable = 10
Checking LinkToSupervisorUID = 10
Checking LinkToSupervisorTable/NumberOfStateMachineBroadcastThreads = 1
Checking LinkToSupervisorTable/LinkToStateMachineTable = 1
Checking LinkToSupervisorTable/StateMachineGroupID = 1
Checking LinkToSupervisorTable/EnableApplicationStatusMonitoring = 1
Checking LinkToSupervisorTable/EnableStateChangesOverUDP = 1
Checking LinkToSupervisorTable/IPAddressForStateChangesOverUDP = 1
Checking LinkToSupervisorTable/PortForStateChangesOverUDP = 1
Checking LinkToSupervisorTable/EnableAckForStateChangesOverUDP = 1
Checking LinkToSupervisorTable/EnableARTDAQCommanderPlugin = 1
Checking LinkToSupervisorTable/ARTDAQCommanderPluginType = 1
Checking LinkToSupervisorTable/ARTDAQCommanderID = 1
Checking Status = 10
Checking Class = 10
Checking Id = 10
Checking Instance = 10
Checking Network = 10
Checking Group = 10
Checking Module = 10
Checking ConfigurePriority = 10
Checking StartPriority = 10
Checking StopPriority = 10
Checking LinkToPropertyTable = 10
Checking LinkToPropertyGroupID = 10
Final ApplicationGroupID
Final LinkToSupervisorTable
Final LinkToSupervisorUID
Final Status
Final Class
Final Id
Final Instance
Final Network
Final Group
Final Module
Final ConfigurePriority
Final StartPriority
Final StopPriority
Final LinkToPropertyTable
Final LinkToPropertyGroupID
ConfigurationGUISupervisor:280	<> requestType: getTreeView
TableBase-TableGroupMetadata	<> Special table 'TableGroupMetadata' constructed. 1
READONLY_USER	<> runTimeSeconds() = 3.8952e-05
READONLY_USER	<> runTimeSeconds() = 7.4243e-05
READONLY_USER	<> runTimeSeconds() = 0.000230437
READONLY_USER	<> runTimeSeconds() = 0.000265147
READONLY_USER	<> Private constructor for write access called.
TreeDiff	<> Instantiating Config Manager with Write Access! (for TreeDiff) time=1718115766 runTimeSeconds()=0.00031228
TreeDiff	<> runTimeSeconds() = 0.000344358
ConfigurationGUISupervisor:280	<> Refreshing all table info, ignoring warnings...
admin	<> ======================================================== getAllTableInfo start runtime=3163.59
admin	<> Refreshing all! Extracting list of tables...
admin	<> Extracting list of tables complete.
admin	<> Now initializing...
admin	<> username_ = admin
admin	<> Destroying Configuration Key: 2
admin	<> Destroying Backbone Key: 4
admin	<> Destroying Context Key: 3
admin	<> ACTIVE_GROUPS_FILENAME = /home/mu2edaq/otsdaq_demo/srcs/otsdaq_demo/NoGitData/ServiceData/ActiveTableGroups.cfg
admin	<> ARTDAQ_DATABASE_URI = filesystemdb:///home/mu2edaq/otsdaq_demo/srcs/otsdaq_demo/NoGitDatabases/filesystemdb/test_db
admin	<> Ignoring warnings while loading and activating group 'testContext(3)'
TableBase-GroupCache_testContext	<> TableBase for 'GroupCache_testContext' constructed.
GROUP_CACHE-TEST_CONTEXTv-2	<> TableView copy for 'GROUP_CACHE-TEST_CONTEXT' done.
GROUP_CACHE-TEST_CONTEXTv3	<> TableView copy for 'GROUP_CACHE-TEST_CONTEXT' done.
admin	<> ------------------------------------- init start    	 [for all plug-ins in Context group 'testContext(3)']
admin	<> Errors detected while loading Table Group: testContext(3). Ignoring the following errors: 
|ConfigurationManager: /scratch/workspace/otsdaq-release-build/SLF7/s128-e20-prof/build/otsdaq/v2_08_00-buildFW/src/otsdaq/ConfigurationInterface/ConfigurationManager.cc:2630 |	At node 'XDAQApplicationTable' with entry UID 'FESupervisor' there is a disconnected child node at link column 'LinkToSupervisorTable' that points to table named 'FESupervisorTable' ...|ConfigurationManager: /scratch/workspace/otsdaq-release-build/SLF7/s128-e20-prof/build/otsdaq/v2_08_00-buildFW/src/otsdaq/ConfigurationInterface/ConfigurationManager.cc:2630 |	At node 'XDAQApplicationTable' with entry UID 'DataManagerSupervisor' there is a disconnected child node at link column 'LinkToSupervisorTable' that points to table named 'DataManagerSupervisorTable' ...|ConfigurationManager: /scratch/workspace/otsdaq-release-build/SLF7/s128-e20-prof/build/otsdaq/v2_08_00-buildFW/src/otsdaq/ConfigurationInterface/ConfigurationManager.cc:2630 |	At node 'XDAQApplicationTable' with entry UID 'VisualSupervisor' there is a disconnected child node at link column 'LinkToSupervisorTable' that points to table named 'DataManagerSupervisorTable' ...
admin	<>  PROCESSOR_COUNT 28 ==> 14 threads for initializing tables.
Fixing deprecated Supervisor class from ots::Supervisor to ots::GatewaySupervisor
admin	<> ------------------------------------- init complete 	 [for all plug-ins in Context group 'testContext(3)']
admin	<> Ignoring warnings while loading and activating group 'TableEditWizBackbone(4)'
TableBase-GroupCache_TableEditWizBackbone	<> TableBase for 'GroupCache_TableEditWizBackbone' constructed.
GROUP_CACHE-TABLE_EDIT_WIZ_BACKBONEv-2	<> TableView copy for 'GROUP_CACHE-TABLE_EDIT_WIZ_BACKBONE' done.
GROUP_CACHE-TABLE_EDIT_WIZ_BACKBONEv4	<> TableView copy for 'GROUP_CACHE-TABLE_EDIT_WIZ_BACKBONE' done.
admin	<> Ignoring that groupMetadataTable_ is missing for group 'TableEditWizBackbone(4). Going with anonymous defaults.
admin	<> ------------------------------------- init start    	 [for all plug-ins in Backbone group 'TableEditWizBackbone(4)']
admin	<>  PROCESSOR_COUNT 28 ==> 14 threads for initializing tables.
admin	<> ------------------------------------- init complete 	 [for all plug-ins in Backbone group 'TableEditWizBackbone(4)']
admin	<> Ignoring warnings while loading and activating group 'defaultConfig(2)'
TableBase-GroupCache_defaultConfig	<> TableBase for 'GroupCache_defaultConfig' constructed.
GROUP_CACHE-DEFAULT_CONFIGv-2	<> TableView copy for 'GROUP_CACHE-DEFAULT_CONFIG' done.
GROUP_CACHE-DEFAULT_CONFIGv2	<> TableView copy for 'GROUP_CACHE-DEFAULT_CONFIG' done.
admin	<> ------------------------------------- init start    	 [for all plug-ins in Configuration group 'defaultConfig(2)']
admin	<>  PROCESSOR_COUNT 28 ==> 14 threads for initializing tables.
admin	<> ------------------------------------- init complete 	 [for all plug-ins in Configuration group 'defaultConfig(2)']
admin	<> ======================================================== getAllTableInfo end runtime=3163.73
ConfigurationGUISupervisor:280	<> Using active groups.
StringMacros::mapToString(filterMap) = 
ConfigurationGUISupervisor:280	<> requestType: getTreeNodeCommonFields
ConfigurationGUISupervisor:280	<> tableGroup: 
ConfigurationGUISupervisor:280	<> tableGroupKey: -1
ConfigurationGUISupervisor:280	<> startPath: /XDAQApplicationTable
ConfigurationGUISupervisor:280	<> depth: -1
ConfigurationGUISupervisor:280	<> fieldList: !*CommentDescription
ConfigurationGUISupervisor:280	<> recordList: Supervisor,FESupervisor,ChatSupervisor,ConsoleSupervisor,DataManagerSupervisor,LogbookSupervisor,VisualSupervisor,ConfigurationGUISupervisor,ControlsDashboardSupervisor,MacroMakerSupervisor
ConfigurationGUISupervisor:280	<> modifiedTables: 
ConfigurationGUISupervisor:280	<> Refreshing all table info, ignoring warnings...
admin	<> ======================================================== getAllTableInfo start runtime=3163.74
admin	<> Refreshing all! Extracting list of tables...
admin	<> Extracting list of tables complete.
admin	<> Now initializing...
admin	<> username_ = admin
admin	<> Destroying Configuration Key: 2
admin	<> Destroying Backbone Key: 4
admin	<> Destroying Context Key: 3
admin	<> ACTIVE_GROUPS_FILENAME = /home/mu2edaq/otsdaq_demo/srcs/otsdaq_demo/NoGitData/ServiceData/ActiveTableGroups.cfg
admin	<> ARTDAQ_DATABASE_URI = filesystemdb:///home/mu2edaq/otsdaq_demo/srcs/otsdaq_demo/NoGitDatabases/filesystemdb/test_db
admin	<> Ignoring warnings while loading and activating group 'testContext(3)'
TableBase-GroupCache_testContext	<> TableBase for 'GroupCache_testContext' constructed.
GROUP_CACHE-TEST_CONTEXTv-2	<> TableView copy for 'GROUP_CACHE-TEST_CONTEXT' done.
GROUP_CACHE-TEST_CONTEXTv3	<> TableView copy for 'GROUP_CACHE-TEST_CONTEXT' done.
admin	<> ------------------------------------- init start    	 [for all plug-ins in Context group 'testContext(3)']
admin	<> Errors detected while loading Table Group: testContext(3). Ignoring the following errors: 
|ConfigurationManager: /scratch/workspace/otsdaq-release-build/SLF7/s128-e20-prof/build/otsdaq/v2_08_00-buildFW/src/otsdaq/ConfigurationInterface/ConfigurationManager.cc:2630 |	At node 'XDAQApplicationTable' with entry UID 'FESupervisor' there is a disconnected child node at link column 'LinkToSupervisorTable' that points to table named 'FESupervisorTable' ...|ConfigurationManager: /scratch/workspace/otsdaq-release-build/SLF7/s128-e20-prof/build/otsdaq/v2_08_00-buildFW/src/otsdaq/ConfigurationInterface/ConfigurationManager.cc:2630 |	At node 'XDAQApplicationTable' with entry UID 'DataManagerSupervisor' there is a disconnected child node at link column 'LinkToSupervisorTable' that points to table named 'DataManagerSupervisorTable' ...|ConfigurationManager: /scratch/workspace/otsdaq-release-build/SLF7/s128-e20-prof/build/otsdaq/v2_08_00-buildFW/src/otsdaq/ConfigurationInterface/ConfigurationManager.cc:2630 |	At node 'XDAQApplicationTable' with entry UID 'VisualSupervisor' there is a disconnected child node at link column 'LinkToSupervisorTable' that points to table named 'DataManagerSupervisorTable' ...
admin	<>  PROCESSOR_COUNT 28 ==> 14 threads for initializing tables.
Fixing deprecated Supervisor class from ots::Supervisor to ots::GatewaySupervisor
admin	<> ------------------------------------- init complete 	 [for all plug-ins in Context group 'testContext(3)']
admin	<> Ignoring warnings while loading and activating group 'TableEditWizBackbone(4)'
TableBase-GroupCache_TableEditWizBackbone	<> TableBase for 'GroupCache_TableEditWizBackbone' constructed.
GROUP_CACHE-TABLE_EDIT_WIZ_BACKBONEv-2	<> TableView copy for 'GROUP_CACHE-TABLE_EDIT_WIZ_BACKBONE' done.
GROUP_CACHE-TABLE_EDIT_WIZ_BACKBONEv4	<> TableView copy for 'GROUP_CACHE-TABLE_EDIT_WIZ_BACKBONE' done.
admin	<> Ignoring that groupMetadataTable_ is missing for group 'TableEditWizBackbone(4). Going with anonymous defaults.
admin	<> ------------------------------------- init start    	 [for all plug-ins in Backbone group 'TableEditWizBackbone(4)']
admin	<>  PROCESSOR_COUNT 28 ==> 14 threads for initializing tables.
admin	<> ------------------------------------- init complete 	 [for all plug-ins in Backbone group 'TableEditWizBackbone(4)']
admin	<> Ignoring warnings while loading and activating group 'defaultConfig(2)'
TableBase-GroupCache_defaultConfig	<> TableBase for 'GroupCache_defaultConfig' constructed.
GROUP_CACHE-DEFAULT_CONFIGv-2	<> TableView copy for 'GROUP_CACHE-DEFAULT_CONFIG' done.
GROUP_CACHE-DEFAULT_CONFIGv2	<> TableView copy for 'GROUP_CACHE-DEFAULT_CONFIG' done.
admin	<> ------------------------------------- init start    	 [for all plug-ins in Configuration group 'defaultConfig(2)']
admin	<>  PROCESSOR_COUNT 28 ==> 14 threads for initializing tables.
admin	<> ------------------------------------- init complete 	 [for all plug-ins in Configuration group 'defaultConfig(2)']
admin	<> ======================================================== getAllTableInfo end runtime=3163.88
ConfigurationGUISupervisor:280	<> Using active groups.
ConfigurationGUISupervisor:280	<> !*CommentDescription
ConfigurationGUISupervisor:280	<> fieldRejectList *CommentDescription
ConfigurationGUISupervisor:280	<> Supervisor,FESupervisor,ChatSupervisor,ConsoleSupervisor,DataManagerSupervisor,LogbookSupervisor,VisualSupervisor,ConfigurationGUISupervisor,ControlsDashboardSupervisor,MacroMakerSupervisor
ConfigurationGUISupervisor:280	<> recordList Supervisor
ConfigurationGUISupervisor:280	<> recordList FESupervisor
ConfigurationGUISupervisor:280	<> recordList ChatSupervisor
ConfigurationGUISupervisor:280	<> recordList ConsoleSupervisor
ConfigurationGUISupervisor:280	<> recordList DataManagerSupervisor
ConfigurationGUISupervisor:280	<> recordList LogbookSupervisor
ConfigurationGUISupervisor:280	<> recordList VisualSupervisor
ConfigurationGUISupervisor:280	<> recordList ConfigurationGUISupervisor
ConfigurationGUISupervisor:280	<> recordList ControlsDashboardSupervisor
ConfigurationGUISupervisor:280	<> recordList MacroMakerSupervisor
======================= check for count = 10
Checking ApplicationGroupID = 10
Checking LinkToSupervisorTable = 10
Checking LinkToSupervisorUID = 10
Checking LinkToSupervisorTable/NumberOfStateMachineBroadcastThreads = 1
Checking LinkToSupervisorTable/LinkToStateMachineTable = 1
Checking LinkToSupervisorTable/StateMachineGroupID = 1
Checking LinkToSupervisorTable/EnableApplicationStatusMonitoring = 1
Checking LinkToSupervisorTable/EnableStateChangesOverUDP = 1
Checking LinkToSupervisorTable/IPAddressForStateChangesOverUDP = 1
Checking LinkToSupervisorTable/PortForStateChangesOverUDP = 1
Checking LinkToSupervisorTable/EnableAckForStateChangesOverUDP = 1
Checking LinkToSupervisorTable/EnableARTDAQCommanderPlugin = 1
Checking LinkToSupervisorTable/ARTDAQCommanderPluginType = 1
Checking LinkToSupervisorTable/ARTDAQCommanderID = 1
Checking Status = 10
Checking Class = 10
Checking Id = 10
Checking Instance = 10
Checking Network = 10
Checking Group = 10
Checking Module = 10
Checking ConfigurePriority = 10
Checking StartPriority = 10
Checking StopPriority = 10
Checking LinkToPropertyTable = 10
Checking LinkToPropertyGroupID = 10
Final ApplicationGroupID
Final LinkToSupervisorTable
Final LinkToSupervisorUID
Final Status
Final Class
Final Id
Final Instance
Final Network
Final Group
Final Module
Final ConfigurePriority
Final StartPriority
Final StopPriority
Final LinkToPropertyTable
Final LinkToPropertyGroupID
ConfigurationGUISupervisor:280	<> requestType: getTreeNodeFieldValues
ConfigurationGUISupervisor:280	<> tableGroup: 
ConfigurationGUISupervisor:280	<> tableGroupKey: -1
ConfigurationGUISupervisor:280	<> startPath: /XDAQApplicationTable
ConfigurationGUISupervisor:280	<> fieldList: ApplicationGroupID,LinkToSupervisorTable,LinkToSupervisorUID,Status,Class,Id,Instance,Network,Group,Module,ConfigurePriority,StartPriority,StopPriority,LinkToPropertyTable,LinkToPropertyGroupID
ConfigurationGUISupervisor:280	<> recordList: MacroMakerSupervisor
ConfigurationGUISupervisor:280	<> modifiedTables: 
ConfigurationGUISupervisor:280	<> Refreshing all table info, ignoring warnings...
admin	<> ======================================================== getAllTableInfo start runtime=3163.95
admin	<> Refreshing all! Extracting list of tables...
admin	<> Extracting list of tables complete.
admin	<> Now initializing...
admin	<> username_ = admin
admin	<> Destroying Configuration Key: 2
admin	<> Destroying Backbone Key: 4
admin	<> Destroying Context Key: 3
admin	<> ACTIVE_GROUPS_FILENAME = /home/mu2edaq/otsdaq_demo/srcs/otsdaq_demo/NoGitData/ServiceData/ActiveTableGroups.cfg
admin	<> ARTDAQ_DATABASE_URI = filesystemdb:///home/mu2edaq/otsdaq_demo/srcs/otsdaq_demo/NoGitDatabases/filesystemdb/test_db
admin	<> Ignoring warnings while loading and activating group 'testContext(3)'
TableBase-GroupCache_testContext	<> TableBase for 'GroupCache_testContext' constructed.
GROUP_CACHE-TEST_CONTEXTv-2	<> TableView copy for 'GROUP_CACHE-TEST_CONTEXT' done.
GROUP_CACHE-TEST_CONTEXTv3	<> TableView copy for 'GROUP_CACHE-TEST_CONTEXT' done.
admin	<> ------------------------------------- init start    	 [for all plug-ins in Context group 'testContext(3)']
admin	<> Errors detected while loading Table Group: testContext(3). Ignoring the following errors: 
|ConfigurationManager: /scratch/workspace/otsdaq-release-build/SLF7/s128-e20-prof/build/otsdaq/v2_08_00-buildFW/src/otsdaq/ConfigurationInterface/ConfigurationManager.cc:2630 |	At node 'XDAQApplicationTable' with entry UID 'FESupervisor' there is a disconnected child node at link column 'LinkToSupervisorTable' that points to table named 'FESupervisorTable' ...|ConfigurationManager: /scratch/workspace/otsdaq-release-build/SLF7/s128-e20-prof/build/otsdaq/v2_08_00-buildFW/src/otsdaq/ConfigurationInterface/ConfigurationManager.cc:2630 |	At node 'XDAQApplicationTable' with entry UID 'DataManagerSupervisor' there is a disconnected child node at link column 'LinkToSupervisorTable' that points to table named 'DataManagerSupervisorTable' ...|ConfigurationManager: /scratch/workspace/otsdaq-release-build/SLF7/s128-e20-prof/build/otsdaq/v2_08_00-buildFW/src/otsdaq/ConfigurationInterface/ConfigurationManager.cc:2630 |	At node 'XDAQApplicationTable' with entry UID 'VisualSupervisor' there is a disconnected child node at link column 'LinkToSupervisorTable' that points to table named 'DataManagerSupervisorTable' ...
admin	<>  PROCESSOR_COUNT 28 ==> 14 threads for initializing tables.
Fixing deprecated Supervisor class from ots::Supervisor to ots::GatewaySupervisor
admin	<> ------------------------------------- init complete 	 [for all plug-ins in Context group 'testContext(3)']
admin	<> Ignoring warnings while loading and activating group 'TableEditWizBackbone(4)'
TableBase-GroupCache_TableEditWizBackbone	<> TableBase for 'GroupCache_TableEditWizBackbone' constructed.
GROUP_CACHE-TABLE_EDIT_WIZ_BACKBONEv-2	<> TableView copy for 'GROUP_CACHE-TABLE_EDIT_WIZ_BACKBONE' done.
GROUP_CACHE-TABLE_EDIT_WIZ_BACKBONEv4	<> TableView copy for 'GROUP_CACHE-TABLE_EDIT_WIZ_BACKBONE' done.
admin	<> Ignoring that groupMetadataTable_ is missing for group 'TableEditWizBackbone(4). Going with anonymous defaults.
admin	<> ------------------------------------- init start    	 [for all plug-ins in Backbone group 'TableEditWizBackbone(4)']
admin	<>  PROCESSOR_COUNT 28 ==> 14 threads for initializing tables.
admin	<> ------------------------------------- init complete 	 [for all plug-ins in Backbone group 'TableEditWizBackbone(4)']
admin	<> Ignoring warnings while loading and activating group 'defaultConfig(2)'
TableBase-GroupCache_defaultConfig	<> TableBase for 'GroupCache_defaultConfig' constructed.
GROUP_CACHE-DEFAULT_CONFIGv-2	<> TableView copy for 'GROUP_CACHE-DEFAULT_CONFIG' done.
GROUP_CACHE-DEFAULT_CONFIGv2	<> TableView copy for 'GROUP_CACHE-DEFAULT_CONFIG' done.
admin	<> ------------------------------------- init start    	 [for all plug-ins in Configuration group 'defaultConfig(2)']
admin	<>  PROCESSOR_COUNT 28 ==> 14 threads for initializing tables.
admin	<> ------------------------------------- init complete 	 [for all plug-ins in Configuration group 'defaultConfig(2)']
admin	<> ======================================================== getAllTableInfo end runtime=3164.09
ConfigurationGUISupervisor:280	<> Using active groups.
ConfigurationGUISupervisor:280	<> ApplicationGroupID,LinkToSupervisorTable,LinkToSupervisorUID,Status,Class,Id,Instance,Network,Group,Module,ConfigurePriority,StartPriority,StopPriority,LinkToPropertyTable,LinkToPropertyGroupID
ConfigurationGUISupervisor:280	<> recordUID MacroMakerSupervisor
submittedSequence=fa37 1718115817
*** Successfully authenticated security sequence @ 1718115817
*** Successfully authenticated security sequence @ 1718115817
ConfigurationGUISupervisor:280	<> requestType: getTreeView
TableBase-TableGroupMetadata	<> Special table 'TableGroupMetadata' constructed. 1
READONLY_USER	<> runTimeSeconds() = 6.2954e-05
READONLY_USER	<> runTimeSeconds() = 0.000114661
READONLY_USER	<> runTimeSeconds() = 0.000378942
READONLY_USER	<> runTimeSeconds() = 0.000422673
READONLY_USER	<> Private constructor for write access called.
TreeDiff	<> Instantiating Config Manager with Write Access! (for TreeDiff) time=1718115817 runTimeSeconds()=0.000479764
TreeDiff	<> runTimeSeconds() = 0.000526113
ConfigurationGUISupervisor:280	<> Refreshing all table info, ignoring warnings...
admin	<> ======================================================== getAllTableInfo start runtime=3214.37
admin	<> Refreshing all! Extracting list of tables...
admin	<> Extracting list of tables complete.
admin	<> Now initializing...
admin	<> username_ = admin
admin	<> Destroying Configuration Key: 2
admin	<> Destroying Backbone Key: 4
admin	<> Destroying Context Key: 3
admin	<> ACTIVE_GROUPS_FILENAME = /home/mu2edaq/otsdaq_demo/srcs/otsdaq_demo/NoGitData/ServiceData/ActiveTableGroups.cfg
admin	<> ARTDAQ_DATABASE_URI = filesystemdb:///home/mu2edaq/otsdaq_demo/srcs/otsdaq_demo/NoGitDatabases/filesystemdb/test_db
admin	<> Ignoring warnings while loading and activating group 'testContext(3)'
TableBase-GroupCache_testContext	<> TableBase for 'GroupCache_testContext' constructed.
GROUP_CACHE-TEST_CONTEXTv-2	<> TableView copy for 'GROUP_CACHE-TEST_CONTEXT' done.
GROUP_CACHE-TEST_CONTEXTv3	<> TableView copy for 'GROUP_CACHE-TEST_CONTEXT' done.
admin	<> ------------------------------------- init start    	 [for all plug-ins in Context group 'testContext(3)']
admin	<> Errors detected while loading Table Group: testContext(3). Ignoring the following errors: 
|ConfigurationManager: /scratch/workspace/otsdaq-release-build/SLF7/s128-e20-prof/build/otsdaq/v2_08_00-buildFW/src/otsdaq/ConfigurationInterface/ConfigurationManager.cc:2630 |	At node 'XDAQApplicationTable' with entry UID 'FESupervisor' there is a disconnected child node at link column 'LinkToSupervisorTable' that points to table named 'FESupervisorTable' ...|ConfigurationManager: /scratch/workspace/otsdaq-release-build/SLF7/s128-e20-prof/build/otsdaq/v2_08_00-buildFW/src/otsdaq/ConfigurationInterface/ConfigurationManager.cc:2630 |	At node 'XDAQApplicationTable' with entry UID 'DataManagerSupervisor' there is a disconnected child node at link column 'LinkToSupervisorTable' that points to table named 'DataManagerSupervisorTable' ...|ConfigurationManager: /scratch/workspace/otsdaq-release-build/SLF7/s128-e20-prof/build/otsdaq/v2_08_00-buildFW/src/otsdaq/ConfigurationInterface/ConfigurationManager.cc:2630 |	At node 'XDAQApplicationTable' with entry UID 'VisualSupervisor' there is a disconnected child node at link column 'LinkToSupervisorTable' that points to table named 'DataManagerSupervisorTable' ...
admin	<>  PROCESSOR_COUNT 28 ==> 14 threads for initializing tables.
Fixing deprecated Supervisor class from ots::Supervisor to ots::GatewaySupervisor
admin	<> ------------------------------------- init complete 	 [for all plug-ins in Context group 'testContext(3)']
admin	<> Ignoring warnings while loading and activating group 'TableEditWizBackbone(4)'
TableBase-GroupCache_TableEditWizBackbone	<> TableBase for 'GroupCache_TableEditWizBackbone' constructed.
GROUP_CACHE-TABLE_EDIT_WIZ_BACKBONEv-2	<> TableView copy for 'GROUP_CACHE-TABLE_EDIT_WIZ_BACKBONE' done.
GROUP_CACHE-TABLE_EDIT_WIZ_BACKBONEv4	<> TableView copy for 'GROUP_CACHE-TABLE_EDIT_WIZ_BACKBONE' done.
admin	<> Ignoring that groupMetadataTable_ is missing for group 'TableEditWizBackbone(4). Going with anonymous defaults.
admin	<> ------------------------------------- init start    	 [for all plug-ins in Backbone group 'TableEditWizBackbone(4)']
admin	<>  PROCESSOR_COUNT 28 ==> 14 threads for initializing tables.
admin	<> ------------------------------------- init complete 	 [for all plug-ins in Backbone group 'TableEditWizBackbone(4)']
admin	<> Ignoring warnings while loading and activating group 'defaultConfig(2)'
TableBase-GroupCache_defaultConfig	<> TableBase for 'GroupCache_defaultConfig' constructed.
GROUP_CACHE-DEFAULT_CONFIGv-2	<> TableView copy for 'GROUP_CACHE-DEFAULT_CONFIG' done.
GROUP_CACHE-DEFAULT_CONFIGv2	<> TableView copy for 'GROUP_CACHE-DEFAULT_CONFIG' done.
admin	<> ------------------------------------- init start    	 [for all plug-ins in Configuration group 'defaultConfig(2)']
admin	<>  PROCESSOR_COUNT 28 ==> 14 threads for initializing tables.
admin	<> ------------------------------------- init complete 	 [for all plug-ins in Configuration group 'defaultConfig(2)']
admin	<> ======================================================== getAllTableInfo end runtime=3214.55
ConfigurationGUISupervisor:280	<> Using active groups.
StringMacros::mapToString(filterMap) = 
ConfigurationGUISupervisor:280	<> requestType: getUniqueFieldValuesForRecords
ConfigurationGUISupervisor:280	<> tableGroup: 
ConfigurationGUISupervisor:280	<> tableGroupKey: -1
ConfigurationGUISupervisor:280	<> startPath: /XDAQApplicationTable
ConfigurationGUISupervisor:280	<> fieldList: AUTO
ConfigurationGUISupervisor:280	<> recordList: Supervisor,FESupervisor,ChatSupervisor,ConsoleSupervisor,DataManagerSupervisor,LogbookSupervisor,VisualSupervisor,ConfigurationGUISupervisor,ControlsDashboardSupervisor,MacroMakerSupervisor
ConfigurationGUISupervisor:280	<> modifiedTables: 
ConfigurationGUISupervisor:280	<> Refreshing all table info, ignoring warnings...
admin	<> ======================================================== getAllTableInfo start runtime=3214.61
admin	<> Refreshing all! Extracting list of tables...
admin	<> Extracting list of tables complete.
admin	<> Now initializing...
admin	<> username_ = admin
admin	<> Destroying Configuration Key: 2
admin	<> Destroying Backbone Key: 4
admin	<> Destroying Context Key: 3
admin	<> ACTIVE_GROUPS_FILENAME = /home/mu2edaq/otsdaq_demo/srcs/otsdaq_demo/NoGitData/ServiceData/ActiveTableGroups.cfg
admin	<> ARTDAQ_DATABASE_URI = filesystemdb:///home/mu2edaq/otsdaq_demo/srcs/otsdaq_demo/NoGitDatabases/filesystemdb/test_db
admin	<> Ignoring warnings while loading and activating group 'testContext(3)'
TableBase-GroupCache_testContext	<> TableBase for 'GroupCache_testContext' constructed.
GROUP_CACHE-TEST_CONTEXTv-2	<> TableView copy for 'GROUP_CACHE-TEST_CONTEXT' done.
GROUP_CACHE-TEST_CONTEXTv3	<> TableView copy for 'GROUP_CACHE-TEST_CONTEXT' done.
admin	<> ------------------------------------- init start    	 [for all plug-ins in Context group 'testContext(3)']
admin	<> Errors detected while loading Table Group: testContext(3). Ignoring the following errors: 
|ConfigurationManager: /scratch/workspace/otsdaq-release-build/SLF7/s128-e20-prof/build/otsdaq/v2_08_00-buildFW/src/otsdaq/ConfigurationInterface/ConfigurationManager.cc:2630 |	At node 'XDAQApplicationTable' with entry UID 'FESupervisor' there is a disconnected child node at link column 'LinkToSupervisorTable' that points to table named 'FESupervisorTable' ...|ConfigurationManager: /scratch/workspace/otsdaq-release-build/SLF7/s128-e20-prof/build/otsdaq/v2_08_00-buildFW/src/otsdaq/ConfigurationInterface/ConfigurationManager.cc:2630 |	At node 'XDAQApplicationTable' with entry UID 'DataManagerSupervisor' there is a disconnected child node at link column 'LinkToSupervisorTable' that points to table named 'DataManagerSupervisorTable' ...|ConfigurationManager: /scratch/workspace/otsdaq-release-build/SLF7/s128-e20-prof/build/otsdaq/v2_08_00-buildFW/src/otsdaq/ConfigurationInterface/ConfigurationManager.cc:2630 |	At node 'XDAQApplicationTable' with entry UID 'VisualSupervisor' there is a disconnected child node at link column 'LinkToSupervisorTable' that points to table named 'DataManagerSupervisorTable' ...
admin	<>  PROCESSOR_COUNT 28 ==> 14 threads for initializing tables.
Fixing deprecated Supervisor class from ots::Supervisor to ots::GatewaySupervisor
admin	<> ------------------------------------- init complete 	 [for all plug-ins in Context group 'testContext(3)']
admin	<> Ignoring warnings while loading and activating group 'TableEditWizBackbone(4)'
TableBase-GroupCache_TableEditWizBackbone	<> TableBase for 'GroupCache_TableEditWizBackbone' constructed.
GROUP_CACHE-TABLE_EDIT_WIZ_BACKBONEv-2	<> TableView copy for 'GROUP_CACHE-TABLE_EDIT_WIZ_BACKBONE' done.
GROUP_CACHE-TABLE_EDIT_WIZ_BACKBONEv4	<> TableView copy for 'GROUP_CACHE-TABLE_EDIT_WIZ_BACKBONE' done.
admin	<> Ignoring that groupMetadataTable_ is missing for group 'TableEditWizBackbone(4). Going with anonymous defaults.
admin	<> ------------------------------------- init start    	 [for all plug-ins in Backbone group 'TableEditWizBackbone(4)']
admin	<>  PROCESSOR_COUNT 28 ==> 14 threads for initializing tables.
admin	<> ------------------------------------- init complete 	 [for all plug-ins in Backbone group 'TableEditWizBackbone(4)']
admin	<> Ignoring warnings while loading and activating group 'defaultConfig(2)'
TableBase-GroupCache_defaultConfig	<> TableBase for 'GroupCache_defaultConfig' constructed.
GROUP_CACHE-DEFAULT_CONFIGv-2	<> TableView copy for 'GROUP_CACHE-DEFAULT_CONFIG' done.
GROUP_CACHE-DEFAULT_CONFIGv2	<> TableView copy for 'GROUP_CACHE-DEFAULT_CONFIG' done.
admin	<> ------------------------------------- init start    	 [for all plug-ins in Configuration group 'defaultConfig(2)']
admin	<>  PROCESSOR_COUNT 28 ==> 14 threads for initializing tables.
admin	<> ------------------------------------- init complete 	 [for all plug-ins in Configuration group 'defaultConfig(2)']
admin	<> ======================================================== getAllTableInfo end runtime=3214.75
ConfigurationGUISupervisor:280	<> Using active groups.
ConfigurationGUISupervisor:280	<> Supervisor,FESupervisor,ChatSupervisor,ConsoleSupervisor,DataManagerSupervisor,LogbookSupervisor,VisualSupervisor,ConfigurationGUISupervisor,ControlsDashboardSupervisor,MacroMakerSupervisor
ConfigurationGUISupervisor:280	<> recordList Supervisor
ConfigurationGUISupervisor:280	<> recordList FESupervisor
ConfigurationGUISupervisor:280	<> recordList ChatSupervisor
ConfigurationGUISupervisor:280	<> recordList ConsoleSupervisor
ConfigurationGUISupervisor:280	<> recordList DataManagerSupervisor
ConfigurationGUISupervisor:280	<> recordList LogbookSupervisor
ConfigurationGUISupervisor:280	<> recordList VisualSupervisor
ConfigurationGUISupervisor:280	<> recordList ConfigurationGUISupervisor
ConfigurationGUISupervisor:280	<> recordList ControlsDashboardSupervisor
ConfigurationGUISupervisor:280	<> recordList MacroMakerSupervisor
ConfigurationGUISupervisor:280	<> Getting AUTO filter fields!
======================= check for count = 10
Checking ApplicationGroupID = 10
Checking LinkToSupervisorTable = 10
Checking LinkToSupervisorUID = 10
Checking LinkToSupervisorTable/NumberOfStateMachineBroadcastThreads = 1
Checking LinkToSupervisorTable/LinkToStateMachineTable = 1
Checking LinkToSupervisorTable/StateMachineGroupID = 1
Checking LinkToSupervisorTable/EnableApplicationStatusMonitoring = 1
Checking LinkToSupervisorTable/EnableStateChangesOverUDP = 1
Checking LinkToSupervisorTable/IPAddressForStateChangesOverUDP = 1
Checking LinkToSupervisorTable/PortForStateChangesOverUDP = 1
Checking LinkToSupervisorTable/EnableAckForStateChangesOverUDP = 1
Checking LinkToSupervisorTable/EnableARTDAQCommanderPlugin = 1
Checking LinkToSupervisorTable/ARTDAQCommanderPluginType = 1
Checking LinkToSupervisorTable/ARTDAQCommanderID = 1
Checking Status = 10
Checking Class = 10
Checking Id = 10
Checking Instance = 10
Checking Network = 10
Checking Group = 10
Checking Module = 10
Checking ConfigurePriority = 10
Checking StartPriority = 10
Checking StopPriority = 10
Checking LinkToPropertyTable = 10
Checking LinkToPropertyGroupID = 10
StringMacros::setToString(prioritySet) = 0:3, 1:0, 3:4, 3:6, 3:7, 3:8, 3:9, 10:10, 10:11, 10:12
Final ApplicationGroupID
Final Status
Final Class
ConfigurationGUISupervisor:280	<> StringMacros::vectorToString(fieldsToGet) = ApplicationGroupID, Status, Class
ConfigurationGUISupervisor:280	<> field = ApplicationGroupID
ConfigurationGUISupervisor:280	<> uniqueValue testContextApps
ConfigurationGUISupervisor:280	<> field = Status
ConfigurationGUISupervisor:280	<> uniqueValue Off
ConfigurationGUISupervisor:280	<> uniqueValue On
ConfigurationGUISupervisor:280	<> field = Class
ConfigurationGUISupervisor:280	<> uniqueValue ots::ChatSupervisor
ConfigurationGUISupervisor:280	<> uniqueValue ots::ConfigurationGUISupervisor
ConfigurationGUISupervisor:280	<> uniqueValue ots::ConsoleSupervisor
ConfigurationGUISupervisor:280	<> uniqueValue ots::ControlsDashboardSupervisor
ConfigurationGUISupervisor:280	<> uniqueValue ots::DataManagerSupervisor
ConfigurationGUISupervisor:280	<> uniqueValue ots::FESupervisor
ConfigurationGUISupervisor:280	<> uniqueValue ots::LogbookSupervisor
ConfigurationGUISupervisor:280	<> uniqueValue ots::MacroMakerSupervisor
ConfigurationGUISupervisor:280	<> uniqueValue ots::Supervisor
ConfigurationGUISupervisor:280	<> uniqueValue ots::VisualSupervisor
ConfigurationGUISupervisor:280	<> requestType: getTreeNodeCommonFields
ConfigurationGUISupervisor:280	<> tableGroup: 
ConfigurationGUISupervisor:280	<> tableGroupKey: -1
ConfigurationGUISupervisor:280	<> startPath: /XDAQApplicationTable
ConfigurationGUISupervisor:280	<> depth: -1
ConfigurationGUISupervisor:280	<> fieldList: !*CommentDescription
ConfigurationGUISupervisor:280	<> recordList: Supervisor,FESupervisor,ChatSupervisor,ConsoleSupervisor,DataManagerSupervisor,LogbookSupervisor,VisualSupervisor,ConfigurationGUISupervisor,ControlsDashboardSupervisor,MacroMakerSupervisor
ConfigurationGUISupervisor:280	<> modifiedTables: 
ConfigurationGUISupervisor:280	<> Refreshing all table info, ignoring warnings...
admin	<> ======================================================== getAllTableInfo start runtime=3214.81
admin	<> Refreshing all! Extracting list of tables...
admin	<> Extracting list of tables complete.
admin	<> Now initializing...
admin	<> username_ = admin
admin	<> Destroying Configuration Key: 2
admin	<> Destroying Backbone Key: 4
admin	<> Destroying Context Key: 3
admin	<> ACTIVE_GROUPS_FILENAME = /home/mu2edaq/otsdaq_demo/srcs/otsdaq_demo/NoGitData/ServiceData/ActiveTableGroups.cfg
admin	<> ARTDAQ_DATABASE_URI = filesystemdb:///home/mu2edaq/otsdaq_demo/srcs/otsdaq_demo/NoGitDatabases/filesystemdb/test_db
admin	<> Ignoring warnings while loading and activating group 'testContext(3)'
TableBase-GroupCache_testContext	<> TableBase for 'GroupCache_testContext' constructed.
GROUP_CACHE-TEST_CONTEXTv-2	<> TableView copy for 'GROUP_CACHE-TEST_CONTEXT' done.
GROUP_CACHE-TEST_CONTEXTv3	<> TableView copy for 'GROUP_CACHE-TEST_CONTEXT' done.
admin	<> ------------------------------------- init start    	 [for all plug-ins in Context group 'testContext(3)']
admin	<> Errors detected while loading Table Group: testContext(3). Ignoring the following errors: 
|ConfigurationManager: /scratch/workspace/otsdaq-release-build/SLF7/s128-e20-prof/build/otsdaq/v2_08_00-buildFW/src/otsdaq/ConfigurationInterface/ConfigurationManager.cc:2630 |	At node 'XDAQApplicationTable' with entry UID 'FESupervisor' there is a disconnected child node at link column 'LinkToSupervisorTable' that points to table named 'FESupervisorTable' ...|ConfigurationManager: /scratch/workspace/otsdaq-release-build/SLF7/s128-e20-prof/build/otsdaq/v2_08_00-buildFW/src/otsdaq/ConfigurationInterface/ConfigurationManager.cc:2630 |	At node 'XDAQApplicationTable' with entry UID 'DataManagerSupervisor' there is a disconnected child node at link column 'LinkToSupervisorTable' that points to table named 'DataManagerSupervisorTable' ...|ConfigurationManager: /scratch/workspace/otsdaq-release-build/SLF7/s128-e20-prof/build/otsdaq/v2_08_00-buildFW/src/otsdaq/ConfigurationInterface/ConfigurationManager.cc:2630 |	At node 'XDAQApplicationTable' with entry UID 'VisualSupervisor' there is a disconnected child node at link column 'LinkToSupervisorTable' that points to table named 'DataManagerSupervisorTable' ...
admin	<>  PROCESSOR_COUNT 28 ==> 14 threads for initializing tables.
Fixing deprecated Supervisor class from ots::Supervisor to ots::GatewaySupervisor
admin	<> ------------------------------------- init complete 	 [for all plug-ins in Context group 'testContext(3)']
admin	<> Ignoring warnings while loading and activating group 'TableEditWizBackbone(4)'
TableBase-GroupCache_TableEditWizBackbone	<> TableBase for 'GroupCache_TableEditWizBackbone' constructed.
GROUP_CACHE-TABLE_EDIT_WIZ_BACKBONEv-2	<> TableView copy for 'GROUP_CACHE-TABLE_EDIT_WIZ_BACKBONE' done.
GROUP_CACHE-TABLE_EDIT_WIZ_BACKBONEv4	<> TableView copy for 'GROUP_CACHE-TABLE_EDIT_WIZ_BACKBONE' done.
admin	<> Ignoring that groupMetadataTable_ is missing for group 'TableEditWizBackbone(4). Going with anonymous defaults.
admin	<> ------------------------------------- init start    	 [for all plug-ins in Backbone group 'TableEditWizBackbone(4)']
admin	<>  PROCESSOR_COUNT 28 ==> 14 threads for initializing tables.
admin	<> ------------------------------------- init complete 	 [for all plug-ins in Backbone group 'TableEditWizBackbone(4)']
admin	<> Ignoring warnings while loading and activating group 'defaultConfig(2)'
TableBase-GroupCache_defaultConfig	<> TableBase for 'GroupCache_defaultConfig' constructed.
GROUP_CACHE-DEFAULT_CONFIGv-2	<> TableView copy for 'GROUP_CACHE-DEFAULT_CONFIG' done.
GROUP_CACHE-DEFAULT_CONFIGv2	<> TableView copy for 'GROUP_CACHE-DEFAULT_CONFIG' done.
admin	<> ------------------------------------- init start    	 [for all plug-ins in Configuration group 'defaultConfig(2)']
admin	<>  PROCESSOR_COUNT 28 ==> 14 threads for initializing tables.
admin	<> ------------------------------------- init complete 	 [for all plug-ins in Configuration group 'defaultConfig(2)']
admin	<> ======================================================== getAllTableInfo end runtime=3214.95
ConfigurationGUISupervisor:280	<> Using active groups.
ConfigurationGUISupervisor:280	<> !*CommentDescription
ConfigurationGUISupervisor:280	<> fieldRejectList *CommentDescription
ConfigurationGUISupervisor:280	<> Supervisor,FESupervisor,ChatSupervisor,ConsoleSupervisor,DataManagerSupervisor,LogbookSupervisor,VisualSupervisor,ConfigurationGUISupervisor,ControlsDashboardSupervisor,MacroMakerSupervisor
ConfigurationGUISupervisor:280	<> recordList Supervisor
ConfigurationGUISupervisor:280	<> recordList FESupervisor
ConfigurationGUISupervisor:280	<> recordList ChatSupervisor
ConfigurationGUISupervisor:280	<> recordList ConsoleSupervisor
ConfigurationGUISupervisor:280	<> recordList DataManagerSupervisor
ConfigurationGUISupervisor:280	<> recordList LogbookSupervisor
ConfigurationGUISupervisor:280	<> recordList VisualSupervisor
ConfigurationGUISupervisor:280	<> recordList ConfigurationGUISupervisor
ConfigurationGUISupervisor:280	<> recordList ControlsDashboardSupervisor
ConfigurationGUISupervisor:280	<> recordList MacroMakerSupervisor
======================= check for count = 10
Checking ApplicationGroupID = 10
Checking LinkToSupervisorTable = 10
Checking LinkToSupervisorUID = 10
Checking LinkToSupervisorTable/NumberOfStateMachineBroadcastThreads = 1
Checking LinkToSupervisorTable/LinkToStateMachineTable = 1
Checking LinkToSupervisorTable/StateMachineGroupID = 1
Checking LinkToSupervisorTable/EnableApplicationStatusMonitoring = 1
Checking LinkToSupervisorTable/EnableStateChangesOverUDP = 1
Checking LinkToSupervisorTable/IPAddressForStateChangesOverUDP = 1
Checking LinkToSupervisorTable/PortForStateChangesOverUDP = 1
Checking LinkToSupervisorTable/EnableAckForStateChangesOverUDP = 1
Checking LinkToSupervisorTable/EnableARTDAQCommanderPlugin = 1
Checking LinkToSupervisorTable/ARTDAQCommanderPluginType = 1
Checking LinkToSupervisorTable/ARTDAQCommanderID = 1
Checking Status = 10
Checking Class = 10
Checking Id = 10
Checking Instance = 10
Checking Network = 10
Checking Group = 10
Checking Module = 10
Checking ConfigurePriority = 10
Checking StartPriority = 10
Checking StopPriority = 10
Checking LinkToPropertyTable = 10
Checking LinkToPropertyGroupID = 10
Final ApplicationGroupID
Final LinkToSupervisorTable
Final LinkToSupervisorUID
Final Status
Final Class
Final Id
Final Instance
Final Network
Final Group
Final Module
Final ConfigurePriority
Final StartPriority
Final StopPriority
Final LinkToPropertyTable
Final LinkToPropertyGroupID
ConfigurationGUISupervisor:280	<> requestType: getTreeView
TableBase-TableGroupMetadata	<> Special table 'TableGroupMetadata' constructed. 1
READONLY_USER	<> runTimeSeconds() = 4.5171e-05
READONLY_USER	<> runTimeSeconds() = 8.3498e-05
READONLY_USER	<> runTimeSeconds() = 0.000241691
READONLY_USER	<> runTimeSeconds() = 0.000284131
READONLY_USER	<> Private constructor for write access called.
TreeDiff	<> Instantiating Config Manager with Write Access! (for TreeDiff) time=1718115818 runTimeSeconds()=0.000330205
TreeDiff	<> runTimeSeconds() = 0.000361622
ConfigurationGUISupervisor:280	<> Refreshing all table info, ignoring warnings...
admin	<> ======================================================== getAllTableInfo start runtime=3214.96
admin	<> Refreshing all! Extracting list of tables...
admin	<> Extracting list of tables complete.
admin	<> Now initializing...
admin	<> username_ = admin
admin	<> Destroying Configuration Key: 2
admin	<> Destroying Backbone Key: 4
admin	<> Destroying Context Key: 3
admin	<> ACTIVE_GROUPS_FILENAME = /home/mu2edaq/otsdaq_demo/srcs/otsdaq_demo/NoGitData/ServiceData/ActiveTableGroups.cfg
admin	<> ARTDAQ_DATABASE_URI = filesystemdb:///home/mu2edaq/otsdaq_demo/srcs/otsdaq_demo/NoGitDatabases/filesystemdb/test_db
admin	<> Ignoring warnings while loading and activating group 'testContext(3)'
TableBase-GroupCache_testContext	<> TableBase for 'GroupCache_testContext' constructed.
GROUP_CACHE-TEST_CONTEXTv-2	<> TableView copy for 'GROUP_CACHE-TEST_CONTEXT' done.
GROUP_CACHE-TEST_CONTEXTv3	<> TableView copy for 'GROUP_CACHE-TEST_CONTEXT' done.
admin	<> ------------------------------------- init start    	 [for all plug-ins in Context group 'testContext(3)']
admin	<> Errors detected while loading Table Group: testContext(3). Ignoring the following errors: 
|ConfigurationManager: /scratch/workspace/otsdaq-release-build/SLF7/s128-e20-prof/build/otsdaq/v2_08_00-buildFW/src/otsdaq/ConfigurationInterface/ConfigurationManager.cc:2630 |	At node 'XDAQApplicationTable' with entry UID 'FESupervisor' there is a disconnected child node at link column 'LinkToSupervisorTable' that points to table named 'FESupervisorTable' ...|ConfigurationManager: /scratch/workspace/otsdaq-release-build/SLF7/s128-e20-prof/build/otsdaq/v2_08_00-buildFW/src/otsdaq/ConfigurationInterface/ConfigurationManager.cc:2630 |	At node 'XDAQApplicationTable' with entry UID 'DataManagerSupervisor' there is a disconnected child node at link column 'LinkToSupervisorTable' that points to table named 'DataManagerSupervisorTable' ...|ConfigurationManager: /scratch/workspace/otsdaq-release-build/SLF7/s128-e20-prof/build/otsdaq/v2_08_00-buildFW/src/otsdaq/ConfigurationInterface/ConfigurationManager.cc:2630 |	At node 'XDAQApplicationTable' with entry UID 'VisualSupervisor' there is a disconnected child node at link column 'LinkToSupervisorTable' that points to table named 'DataManagerSupervisorTable' ...
admin	<>  PROCESSOR_COUNT 28 ==> 14 threads for initializing tables.
Fixing deprecated Supervisor class from ots::Supervisor to ots::GatewaySupervisor
admin	<> ------------------------------------- init complete 	 [for all plug-ins in Context group 'testContext(3)']
admin	<> Ignoring warnings while loading and activating group 'TableEditWizBackbone(4)'
TableBase-GroupCache_TableEditWizBackbone	<> TableBase for 'GroupCache_TableEditWizBackbone' constructed.
GROUP_CACHE-TABLE_EDIT_WIZ_BACKBONEv-2	<> TableView copy for 'GROUP_CACHE-TABLE_EDIT_WIZ_BACKBONE' done.
GROUP_CACHE-TABLE_EDIT_WIZ_BACKBONEv4	<> TableView copy for 'GROUP_CACHE-TABLE_EDIT_WIZ_BACKBONE' done.
admin	<> Ignoring that groupMetadataTable_ is missing for group 'TableEditWizBackbone(4). Going with anonymous defaults.
admin	<> ------------------------------------- init start    	 [for all plug-ins in Backbone group 'TableEditWizBackbone(4)']
admin	<>  PROCESSOR_COUNT 28 ==> 14 threads for initializing tables.
admin	<> ------------------------------------- init complete 	 [for all plug-ins in Backbone group 'TableEditWizBackbone(4)']
admin	<> Ignoring warnings while loading and activating group 'defaultConfig(2)'
TableBase-GroupCache_defaultConfig	<> TableBase for 'GroupCache_defaultConfig' constructed.
GROUP_CACHE-DEFAULT_CONFIGv-2	<> TableView copy for 'GROUP_CACHE-DEFAULT_CONFIG' done.
GROUP_CACHE-DEFAULT_CONFIGv2	<> TableView copy for 'GROUP_CACHE-DEFAULT_CONFIG' done.
admin	<> ------------------------------------- init start    	 [for all plug-ins in Configuration group 'defaultConfig(2)']
admin	<>  PROCESSOR_COUNT 28 ==> 14 threads for initializing tables.
admin	<> ------------------------------------- init complete 	 [for all plug-ins in Configuration group 'defaultConfig(2)']
admin	<> ======================================================== getAllTableInfo end runtime=3215.31
ConfigurationGUISupervisor:280	<> Using active groups.
StringMacros::mapToString(filterMap) = 
ConfigurationGUISupervisor:280	<> requestType: getTreeNodeCommonFields
ConfigurationGUISupervisor:280	<> tableGroup: 
ConfigurationGUISupervisor:280	<> tableGroupKey: -1
ConfigurationGUISupervisor:280	<> startPath: /XDAQApplicationTable
ConfigurationGUISupervisor:280	<> depth: -1
ConfigurationGUISupervisor:280	<> fieldList: !*CommentDescription
ConfigurationGUISupervisor:280	<> recordList: Supervisor,FESupervisor,ChatSupervisor,ConsoleSupervisor,DataManagerSupervisor,LogbookSupervisor,VisualSupervisor,ConfigurationGUISupervisor,ControlsDashboardSupervisor,MacroMakerSupervisor
ConfigurationGUISupervisor:280	<> modifiedTables: 
ConfigurationGUISupervisor:280	<> Refreshing all table info, ignoring warnings...
admin	<> ======================================================== getAllTableInfo start runtime=3215.33
admin	<> Refreshing all! Extracting list of tables...
admin	<> Extracting list of tables complete.
admin	<> Now initializing...
admin	<> username_ = admin
admin	<> Destroying Configuration Key: 2
admin	<> Destroying Backbone Key: 4
admin	<> Destroying Context Key: 3
admin	<> ACTIVE_GROUPS_FILENAME = /home/mu2edaq/otsdaq_demo/srcs/otsdaq_demo/NoGitData/ServiceData/ActiveTableGroups.cfg
admin	<> ARTDAQ_DATABASE_URI = filesystemdb:///home/mu2edaq/otsdaq_demo/srcs/otsdaq_demo/NoGitDatabases/filesystemdb/test_db
admin	<> Ignoring warnings while loading and activating group 'testContext(3)'
TableBase-GroupCache_testContext	<> TableBase for 'GroupCache_testContext' constructed.
GROUP_CACHE-TEST_CONTEXTv-2	<> TableView copy for 'GROUP_CACHE-TEST_CONTEXT' done.
GROUP_CACHE-TEST_CONTEXTv3	<> TableView copy for 'GROUP_CACHE-TEST_CONTEXT' done.
admin	<> ------------------------------------- init start    	 [for all plug-ins in Context group 'testContext(3)']
admin	<> Errors detected while loading Table Group: testContext(3). Ignoring the following errors: 
|ConfigurationManager: /scratch/workspace/otsdaq-release-build/SLF7/s128-e20-prof/build/otsdaq/v2_08_00-buildFW/src/otsdaq/ConfigurationInterface/ConfigurationManager.cc:2630 |	At node 'XDAQApplicationTable' with entry UID 'FESupervisor' there is a disconnected child node at link column 'LinkToSupervisorTable' that points to table named 'FESupervisorTable' ...|ConfigurationManager: /scratch/workspace/otsdaq-release-build/SLF7/s128-e20-prof/build/otsdaq/v2_08_00-buildFW/src/otsdaq/ConfigurationInterface/ConfigurationManager.cc:2630 |	At node 'XDAQApplicationTable' with entry UID 'DataManagerSupervisor' there is a disconnected child node at link column 'LinkToSupervisorTable' that points to table named 'DataManagerSupervisorTable' ...|ConfigurationManager: /scratch/workspace/otsdaq-release-build/SLF7/s128-e20-prof/build/otsdaq/v2_08_00-buildFW/src/otsdaq/ConfigurationInterface/ConfigurationManager.cc:2630 |	At node 'XDAQApplicationTable' with entry UID 'VisualSupervisor' there is a disconnected child node at link column 'LinkToSupervisorTable' that points to table named 'DataManagerSupervisorTable' ...
admin	<>  PROCESSOR_COUNT 28 ==> 14 threads for initializing tables.
Fixing deprecated Supervisor class from ots::Supervisor to ots::GatewaySupervisor
admin	<> ------------------------------------- init complete 	 [for all plug-ins in Context group 'testContext(3)']
admin	<> Ignoring warnings while loading and activating group 'TableEditWizBackbone(4)'
TableBase-GroupCache_TableEditWizBackbone	<> TableBase for 'GroupCache_TableEditWizBackbone' constructed.
GROUP_CACHE-TABLE_EDIT_WIZ_BACKBONEv-2	<> TableView copy for 'GROUP_CACHE-TABLE_EDIT_WIZ_BACKBONE' done.
GROUP_CACHE-TABLE_EDIT_WIZ_BACKBONEv4	<> TableView copy for 'GROUP_CACHE-TABLE_EDIT_WIZ_BACKBONE' done.
admin	<> Ignoring that groupMetadataTable_ is missing for group 'TableEditWizBackbone(4). Going with anonymous defaults.
admin	<> ------------------------------------- init start    	 [for all plug-ins in Backbone group 'TableEditWizBackbone(4)']
admin	<>  PROCESSOR_COUNT 28 ==> 14 threads for initializing tables.
admin	<> ------------------------------------- init complete 	 [for all plug-ins in Backbone group 'TableEditWizBackbone(4)']
admin	<> Ignoring warnings while loading and activating group 'defaultConfig(2)'
TableBase-GroupCache_defaultConfig	<> TableBase for 'GroupCache_defaultConfig' constructed.
GROUP_CACHE-DEFAULT_CONFIGv-2	<> TableView copy for 'GROUP_CACHE-DEFAULT_CONFIG' done.
GROUP_CACHE-DEFAULT_CONFIGv2	<> TableView copy for 'GROUP_CACHE-DEFAULT_CONFIG' done.
admin	<> ------------------------------------- init start    	 [for all plug-ins in Configuration group 'defaultConfig(2)']
admin	<>  PROCESSOR_COUNT 28 ==> 14 threads for initializing tables.
admin	<> ------------------------------------- init complete 	 [for all plug-ins in Configuration group 'defaultConfig(2)']
admin	<> ======================================================== getAllTableInfo end runtime=3215.47
ConfigurationGUISupervisor:280	<> Using active groups.
ConfigurationGUISupervisor:280	<> !*CommentDescription
ConfigurationGUISupervisor:280	<> fieldRejectList *CommentDescription
ConfigurationGUISupervisor:280	<> Supervisor,FESupervisor,ChatSupervisor,ConsoleSupervisor,DataManagerSupervisor,LogbookSupervisor,VisualSupervisor,ConfigurationGUISupervisor,ControlsDashboardSupervisor,MacroMakerSupervisor
ConfigurationGUISupervisor:280	<> recordList Supervisor
ConfigurationGUISupervisor:280	<> recordList FESupervisor
ConfigurationGUISupervisor:280	<> recordList ChatSupervisor
ConfigurationGUISupervisor:280	<> recordList ConsoleSupervisor
ConfigurationGUISupervisor:280	<> recordList DataManagerSupervisor
ConfigurationGUISupervisor:280	<> recordList LogbookSupervisor
ConfigurationGUISupervisor:280	<> recordList VisualSupervisor
ConfigurationGUISupervisor:280	<> recordList ConfigurationGUISupervisor
ConfigurationGUISupervisor:280	<> recordList ControlsDashboardSupervisor
ConfigurationGUISupervisor:280	<> recordList MacroMakerSupervisor
======================= check for count = 10
Checking ApplicationGroupID = 10
Checking LinkToSupervisorTable = 10
Checking LinkToSupervisorUID = 10
Checking LinkToSupervisorTable/NumberOfStateMachineBroadcastThreads = 1
Checking LinkToSupervisorTable/LinkToStateMachineTable = 1
Checking LinkToSupervisorTable/StateMachineGroupID = 1
Checking LinkToSupervisorTable/EnableApplicationStatusMonitoring = 1
Checking LinkToSupervisorTable/EnableStateChangesOverUDP = 1
Checking LinkToSupervisorTable/IPAddressForStateChangesOverUDP = 1
Checking LinkToSupervisorTable/PortForStateChangesOverUDP = 1
Checking LinkToSupervisorTable/EnableAckForStateChangesOverUDP = 1
Checking LinkToSupervisorTable/EnableARTDAQCommanderPlugin = 1
Checking LinkToSupervisorTable/ARTDAQCommanderPluginType = 1
Checking LinkToSupervisorTable/ARTDAQCommanderID = 1
Checking Status = 10
Checking Class = 10
Checking Id = 10
Checking Instance = 10
Checking Network = 10
Checking Group = 10
Checking Module = 10
Checking ConfigurePriority = 10
Checking StartPriority = 10
Checking StopPriority = 10
Checking LinkToPropertyTable = 10
Checking LinkToPropertyGroupID = 10
Final ApplicationGroupID
Final LinkToSupervisorTable
Final LinkToSupervisorUID
Final Status
Final Class
Final Id
Final Instance
Final Network
Final Group
Final Module
Final ConfigurePriority
Final StartPriority
Final StopPriority
Final LinkToPropertyTable
Final LinkToPropertyGroupID
ConfigurationGUISupervisor:280	<> requestType: getTreeNodeFieldValues
ConfigurationGUISupervisor:280	<> tableGroup: 
ConfigurationGUISupervisor:280	<> tableGroupKey: -1
ConfigurationGUISupervisor:280	<> startPath: /XDAQApplicationTable
ConfigurationGUISupervisor:280	<> fieldList: ApplicationGroupID,LinkToSupervisorTable,LinkToSupervisorUID,Status,Class,Id,Instance,Network,Group,Module,ConfigurePriority,StartPriority,StopPriority,LinkToPropertyTable,LinkToPropertyGroupID
ConfigurationGUISupervisor:280	<> recordList: MacroMakerSupervisor
ConfigurationGUISupervisor:280	<> modifiedTables: 
ConfigurationGUISupervisor:280	<> Refreshing all table info, ignoring warnings...
admin	<> ======================================================== getAllTableInfo start runtime=3215.53
admin	<> Refreshing all! Extracting list of tables...
admin	<> Extracting list of tables complete.
admin	<> Now initializing...
admin	<> username_ = admin
admin	<> Destroying Configuration Key: 2
admin	<> Destroying Backbone Key: 4
admin	<> Destroying Context Key: 3
admin	<> ACTIVE_GROUPS_FILENAME = /home/mu2edaq/otsdaq_demo/srcs/otsdaq_demo/NoGitData/ServiceData/ActiveTableGroups.cfg
admin	<> ARTDAQ_DATABASE_URI = filesystemdb:///home/mu2edaq/otsdaq_demo/srcs/otsdaq_demo/NoGitDatabases/filesystemdb/test_db
admin	<> Ignoring warnings while loading and activating group 'testContext(3)'
TableBase-GroupCache_testContext	<> TableBase for 'GroupCache_testContext' constructed.
GROUP_CACHE-TEST_CONTEXTv-2	<> TableView copy for 'GROUP_CACHE-TEST_CONTEXT' done.
GROUP_CACHE-TEST_CONTEXTv3	<> TableView copy for 'GROUP_CACHE-TEST_CONTEXT' done.
admin	<> ------------------------------------- init start    	 [for all plug-ins in Context group 'testContext(3)']
admin	<> Errors detected while loading Table Group: testContext(3). Ignoring the following errors: 
|ConfigurationManager: /scratch/workspace/otsdaq-release-build/SLF7/s128-e20-prof/build/otsdaq/v2_08_00-buildFW/src/otsdaq/ConfigurationInterface/ConfigurationManager.cc:2630 |	At node 'XDAQApplicationTable' with entry UID 'FESupervisor' there is a disconnected child node at link column 'LinkToSupervisorTable' that points to table named 'FESupervisorTable' ...|ConfigurationManager: /scratch/workspace/otsdaq-release-build/SLF7/s128-e20-prof/build/otsdaq/v2_08_00-buildFW/src/otsdaq/ConfigurationInterface/ConfigurationManager.cc:2630 |	At node 'XDAQApplicationTable' with entry UID 'DataManagerSupervisor' there is a disconnected child node at link column 'LinkToSupervisorTable' that points to table named 'DataManagerSupervisorTable' ...|ConfigurationManager: /scratch/workspace/otsdaq-release-build/SLF7/s128-e20-prof/build/otsdaq/v2_08_00-buildFW/src/otsdaq/ConfigurationInterface/ConfigurationManager.cc:2630 |	At node 'XDAQApplicationTable' with entry UID 'VisualSupervisor' there is a disconnected child node at link column 'LinkToSupervisorTable' that points to table named 'DataManagerSupervisorTable' ...
admin	<>  PROCESSOR_COUNT 28 ==> 14 threads for initializing tables.
Fixing deprecated Supervisor class from ots::Supervisor to ots::GatewaySupervisor
admin	<> ------------------------------------- init complete 	 [for all plug-ins in Context group 'testContext(3)']
admin	<> Ignoring warnings while loading and activating group 'TableEditWizBackbone(4)'
TableBase-GroupCache_TableEditWizBackbone	<> TableBase for 'GroupCache_TableEditWizBackbone' constructed.
GROUP_CACHE-TABLE_EDIT_WIZ_BACKBONEv-2	<> TableView copy for 'GROUP_CACHE-TABLE_EDIT_WIZ_BACKBONE' done.
GROUP_CACHE-TABLE_EDIT_WIZ_BACKBONEv4	<> TableView copy for 'GROUP_CACHE-TABLE_EDIT_WIZ_BACKBONE' done.
admin	<> Ignoring that groupMetadataTable_ is missing for group 'TableEditWizBackbone(4). Going with anonymous defaults.
admin	<> ------------------------------------- init start    	 [for all plug-ins in Backbone group 'TableEditWizBackbone(4)']
admin	<>  PROCESSOR_COUNT 28 ==> 14 threads for initializing tables.
admin	<> ------------------------------------- init complete 	 [for all plug-ins in Backbone group 'TableEditWizBackbone(4)']
admin	<> Ignoring warnings while loading and activating group 'defaultConfig(2)'
TableBase-GroupCache_defaultConfig	<> TableBase for 'GroupCache_defaultConfig' constructed.
GROUP_CACHE-DEFAULT_CONFIGv-2	<> TableView copy for 'GROUP_CACHE-DEFAULT_CONFIG' done.
GROUP_CACHE-DEFAULT_CONFIGv2	<> TableView copy for 'GROUP_CACHE-DEFAULT_CONFIG' done.
admin	<> ------------------------------------- init start    	 [for all plug-ins in Configuration group 'defaultConfig(2)']
admin	<>  PROCESSOR_COUNT 28 ==> 14 threads for initializing tables.
admin	<> ------------------------------------- init complete 	 [for all plug-ins in Configuration group 'defaultConfig(2)']
admin	<> ======================================================== getAllTableInfo end runtime=3215.67
ConfigurationGUISupervisor:280	<> Using active groups.
ConfigurationGUISupervisor:280	<> ApplicationGroupID,LinkToSupervisorTable,LinkToSupervisorUID,Status,Class,Id,Instance,Network,Group,Module,ConfigurePriority,StartPriority,StopPriority,LinkToPropertyTable,LinkToPropertyGroupID
ConfigurationGUISupervisor:280	<> recordUID MacroMakerSupervisor
ConfigurationGUISupervisor:280	<> requestType: getTreeNodeFieldValues
ConfigurationGUISupervisor:280	<> tableGroup: 
ConfigurationGUISupervisor:280	<> tableGroupKey: -1
ConfigurationGUISupervisor:280	<> startPath: /XDAQApplicationTable
ConfigurationGUISupervisor:280	<> fieldList: ApplicationGroupID,LinkToSupervisorTable,LinkToSupervisorUID,Status,Class,Id,Instance,Network,Group,Module,ConfigurePriority,StartPriority,StopPriority,LinkToPropertyTable,LinkToPropertyGroupID
ConfigurationGUISupervisor:280	<> recordList: Supervisor
ConfigurationGUISupervisor:280	<> modifiedTables: 
ConfigurationGUISupervisor:280	<> Refreshing all table info, ignoring warnings...
admin	<> ======================================================== getAllTableInfo start runtime=3225.39
admin	<> Refreshing all! Extracting list of tables...
admin	<> Extracting list of tables complete.
admin	<> Now initializing...
admin	<> username_ = admin
admin	<> Destroying Configuration Key: 2
admin	<> Destroying Backbone Key: 4
admin	<> Destroying Context Key: 3
admin	<> ACTIVE_GROUPS_FILENAME = /home/mu2edaq/otsdaq_demo/srcs/otsdaq_demo/NoGitData/ServiceData/ActiveTableGroups.cfg
admin	<> ARTDAQ_DATABASE_URI = filesystemdb:///home/mu2edaq/otsdaq_demo/srcs/otsdaq_demo/NoGitDatabases/filesystemdb/test_db
admin	<> Ignoring warnings while loading and activating group 'testContext(3)'
TableBase-GroupCache_testContext	<> TableBase for 'GroupCache_testContext' constructed.
GROUP_CACHE-TEST_CONTEXTv-2	<> TableView copy for 'GROUP_CACHE-TEST_CONTEXT' done.
GROUP_CACHE-TEST_CONTEXTv3	<> TableView copy for 'GROUP_CACHE-TEST_CONTEXT' done.
admin	<> ------------------------------------- init start    	 [for all plug-ins in Context group 'testContext(3)']
admin	<> Errors detected while loading Table Group: testContext(3). Ignoring the following errors: 
|ConfigurationManager: /scratch/workspace/otsdaq-release-build/SLF7/s128-e20-prof/build/otsdaq/v2_08_00-buildFW/src/otsdaq/ConfigurationInterface/ConfigurationManager.cc:2630 |	At node 'XDAQApplicationTable' with entry UID 'FESupervisor' there is a disconnected child node at link column 'LinkToSupervisorTable' that points to table named 'FESupervisorTable' ...|ConfigurationManager: /scratch/workspace/otsdaq-release-build/SLF7/s128-e20-prof/build/otsdaq/v2_08_00-buildFW/src/otsdaq/ConfigurationInterface/ConfigurationManager.cc:2630 |	At node 'XDAQApplicationTable' with entry UID 'DataManagerSupervisor' there is a disconnected child node at link column 'LinkToSupervisorTable' that points to table named 'DataManagerSupervisorTable' ...|ConfigurationManager: /scratch/workspace/otsdaq-release-build/SLF7/s128-e20-prof/build/otsdaq/v2_08_00-buildFW/src/otsdaq/ConfigurationInterface/ConfigurationManager.cc:2630 |	At node 'XDAQApplicationTable' with entry UID 'VisualSupervisor' there is a disconnected child node at link column 'LinkToSupervisorTable' that points to table named 'DataManagerSupervisorTable' ...
admin	<>  PROCESSOR_COUNT 28 ==> 14 threads for initializing tables.
Fixing deprecated Supervisor class from ots::Supervisor to ots::GatewaySupervisor
admin	<> ------------------------------------- init complete 	 [for all plug-ins in Context group 'testContext(3)']
admin	<> Ignoring warnings while loading and activating group 'TableEditWizBackbone(4)'
TableBase-GroupCache_TableEditWizBackbone	<> TableBase for 'GroupCache_TableEditWizBackbone' constructed.
GROUP_CACHE-TABLE_EDIT_WIZ_BACKBONEv-2	<> TableView copy for 'GROUP_CACHE-TABLE_EDIT_WIZ_BACKBONE' done.
GROUP_CACHE-TABLE_EDIT_WIZ_BACKBONEv4	<> TableView copy for 'GROUP_CACHE-TABLE_EDIT_WIZ_BACKBONE' done.
admin	<> Ignoring that groupMetadataTable_ is missing for group 'TableEditWizBackbone(4). Going with anonymous defaults.
admin	<> ------------------------------------- init start    	 [for all plug-ins in Backbone group 'TableEditWizBackbone(4)']
admin	<>  PROCESSOR_COUNT 28 ==> 14 threads for initializing tables.
admin	<> ------------------------------------- init complete 	 [for all plug-ins in Backbone group 'TableEditWizBackbone(4)']
admin	<> Ignoring warnings while loading and activating group 'defaultConfig(2)'
TableBase-GroupCache_defaultConfig	<> TableBase for 'GroupCache_defaultConfig' constructed.
GROUP_CACHE-DEFAULT_CONFIGv-2	<> TableView copy for 'GROUP_CACHE-DEFAULT_CONFIG' done.
GROUP_CACHE-DEFAULT_CONFIGv2	<> TableView copy for 'GROUP_CACHE-DEFAULT_CONFIG' done.
admin	<> ------------------------------------- init start    	 [for all plug-ins in Configuration group 'defaultConfig(2)']
admin	<>  PROCESSOR_COUNT 28 ==> 14 threads for initializing tables.
admin	<> ------------------------------------- init complete 	 [for all plug-ins in Configuration group 'defaultConfig(2)']
admin	<> ======================================================== getAllTableInfo end runtime=3225.54
ConfigurationGUISupervisor:280	<> Using active groups.
ConfigurationGUISupervisor:280	<> ApplicationGroupID,LinkToSupervisorTable,LinkToSupervisorUID,Status,Class,Id,Instance,Network,Group,Module,ConfigurePriority,StartPriority,StopPriority,LinkToPropertyTable,LinkToPropertyGroupID
ConfigurationGUISupervisor:280	<> recordUID Supervisor
ConfigurationGUISupervisor:280	<> requestType: getTreeNodeFieldValues
ConfigurationGUISupervisor:280	<> tableGroup: 
ConfigurationGUISupervisor:280	<> tableGroupKey: -1
ConfigurationGUISupervisor:280	<> startPath: /XDAQApplicationTable
ConfigurationGUISupervisor:280	<> fieldList: ApplicationGroupID,LinkToSupervisorTable,LinkToSupervisorUID,Status,Class,Id,Instance,Network,Group,Module,ConfigurePriority,StartPriority,StopPriority,LinkToPropertyTable,LinkToPropertyGroupID
ConfigurationGUISupervisor:280	<> recordList: MacroMakerSupervisor
ConfigurationGUISupervisor:280	<> modifiedTables: 
ConfigurationGUISupervisor:280	<> Refreshing all table info, ignoring warnings...
admin	<> ======================================================== getAllTableInfo start runtime=3239.52
admin	<> Refreshing all! Extracting list of tables...
admin	<> Extracting list of tables complete.
admin	<> Now initializing...
admin	<> username_ = admin
admin	<> Destroying Configuration Key: 2
admin	<> Destroying Backbone Key: 4
admin	<> Destroying Context Key: 3
admin	<> ACTIVE_GROUPS_FILENAME = /home/mu2edaq/otsdaq_demo/srcs/otsdaq_demo/NoGitData/ServiceData/ActiveTableGroups.cfg
admin	<> ARTDAQ_DATABASE_URI = filesystemdb:///home/mu2edaq/otsdaq_demo/srcs/otsdaq_demo/NoGitDatabases/filesystemdb/test_db
admin	<> Ignoring warnings while loading and activating group 'testContext(3)'
TableBase-GroupCache_testContext	<> TableBase for 'GroupCache_testContext' constructed.
GROUP_CACHE-TEST_CONTEXTv-2	<> TableView copy for 'GROUP_CACHE-TEST_CONTEXT' done.
GROUP_CACHE-TEST_CONTEXTv3	<> TableView copy for 'GROUP_CACHE-TEST_CONTEXT' done.
admin	<> ------------------------------------- init start    	 [for all plug-ins in Context group 'testContext(3)']
admin	<> Errors detected while loading Table Group: testContext(3). Ignoring the following errors: 
|ConfigurationManager: /scratch/workspace/otsdaq-release-build/SLF7/s128-e20-prof/build/otsdaq/v2_08_00-buildFW/src/otsdaq/ConfigurationInterface/ConfigurationManager.cc:2630 |	At node 'XDAQApplicationTable' with entry UID 'FESupervisor' there is a disconnected child node at link column 'LinkToSupervisorTable' that points to table named 'FESupervisorTable' ...|ConfigurationManager: /scratch/workspace/otsdaq-release-build/SLF7/s128-e20-prof/build/otsdaq/v2_08_00-buildFW/src/otsdaq/ConfigurationInterface/ConfigurationManager.cc:2630 |	At node 'XDAQApplicationTable' with entry UID 'DataManagerSupervisor' there is a disconnected child node at link column 'LinkToSupervisorTable' that points to table named 'DataManagerSupervisorTable' ...|ConfigurationManager: /scratch/workspace/otsdaq-release-build/SLF7/s128-e20-prof/build/otsdaq/v2_08_00-buildFW/src/otsdaq/ConfigurationInterface/ConfigurationManager.cc:2630 |	At node 'XDAQApplicationTable' with entry UID 'VisualSupervisor' there is a disconnected child node at link column 'LinkToSupervisorTable' that points to table named 'DataManagerSupervisorTable' ...
admin	<>  PROCESSOR_COUNT 28 ==> 14 threads for initializing tables.
Fixing deprecated Supervisor class from ots::Supervisor to ots::GatewaySupervisor
admin	<> ------------------------------------- init complete 	 [for all plug-ins in Context group 'testContext(3)']
admin	<> Ignoring warnings while loading and activating group 'TableEditWizBackbone(4)'
TableBase-GroupCache_TableEditWizBackbone	<> TableBase for 'GroupCache_TableEditWizBackbone' constructed.
GROUP_CACHE-TABLE_EDIT_WIZ_BACKBONEv-2	<> TableView copy for 'GROUP_CACHE-TABLE_EDIT_WIZ_BACKBONE' done.
GROUP_CACHE-TABLE_EDIT_WIZ_BACKBONEv4	<> TableView copy for 'GROUP_CACHE-TABLE_EDIT_WIZ_BACKBONE' done.
admin	<> Ignoring that groupMetadataTable_ is missing for group 'TableEditWizBackbone(4). Going with anonymous defaults.
admin	<> ------------------------------------- init start    	 [for all plug-ins in Backbone group 'TableEditWizBackbone(4)']
admin	<>  PROCESSOR_COUNT 28 ==> 14 threads for initializing tables.
admin	<> ------------------------------------- init complete 	 [for all plug-ins in Backbone group 'TableEditWizBackbone(4)']
admin	<> Ignoring warnings while loading and activating group 'defaultConfig(2)'
TableBase-GroupCache_defaultConfig	<> TableBase for 'GroupCache_defaultConfig' constructed.
GROUP_CACHE-DEFAULT_CONFIGv-2	<> TableView copy for 'GROUP_CACHE-DEFAULT_CONFIG' done.
GROUP_CACHE-DEFAULT_CONFIGv2	<> TableView copy for 'GROUP_CACHE-DEFAULT_CONFIG' done.
admin	<> ------------------------------------- init start    	 [for all plug-ins in Configuration group 'defaultConfig(2)']
admin	<>  PROCESSOR_COUNT 28 ==> 14 threads for initializing tables.
admin	<> ------------------------------------- init complete 	 [for all plug-ins in Configuration group 'defaultConfig(2)']
admin	<> ======================================================== getAllTableInfo end runtime=3239.67
ConfigurationGUISupervisor:280	<> Using active groups.
ConfigurationGUISupervisor:280	<> ApplicationGroupID,LinkToSupervisorTable,LinkToSupervisorUID,Status,Class,Id,Instance,Network,Group,Module,ConfigurePriority,StartPriority,StopPriority,LinkToPropertyTable,LinkToPropertyGroupID
ConfigurationGUISupervisor:280	<> recordUID MacroMakerSupervisor
Console is alive and waiting... (if no messages, next heartbeat is in two minutes)
Console is alive and waiting... (if no messages, next heartbeat is in two minutes)
Console is alive and waiting... (if no messages, next heartbeat is in two minutes)
Console is alive and waiting... (if no messages, next heartbeat is in two minutes)
Console is alive and waiting... (if no messages, next heartbeat is in two minutes)
ConfigurationGUISupervisor:280	<> requestType: getBackboneMemberNames
ConfigurationGUISupervisor:280	<> requestType: getIterateMemberNames
ConfigurationGUISupervisor:280	<> requestType: getContextMemberNames
***Successfully authenticated security sequence. 1718116563
requestType = getAppId
classNeedle = ots::CodeEditorSupervisor
ConfigurationGUISupervisor:280	<> requestType: versionTracking
ConfigurationGUISupervisor:280	<> type: Get
ConfigurationGUISupervisor:280	<> requestType: getLastTableGroups
ActionOfLastGroup: Configured
Can't open file: /home/mu2edaq/otsdaq_demo/srcs/otsdaq_demo/NoGitData/ServiceData/RunControlData//FSMLastConfiguredGroupAlias.hist
Returning empty groupName and key -1
ActionOfLastGroup: Started
Can't open file: /home/mu2edaq/otsdaq_demo/srcs/otsdaq_demo/NoGitData/ServiceData/RunControlData//FSMLastStartedGroupAlias.hist
Returning empty groupName and key -1
ActionOfLastGroup: ActivatedConfig
Can't open file: /home/mu2edaq/otsdaq_demo/srcs/otsdaq_demo/NoGitData/ServiceData/RunControlData//CFGLastActivatedConfigGroup.hist
Returning empty groupName and key -1
ActionOfLastGroup: ActivatedContext
theGroup.first=testContext theGroup.second=3
ActionOfLastGroup: ActivatedBackbone
Can't open file: /home/mu2edaq/otsdaq_demo/srcs/otsdaq_demo/NoGitData/ServiceData/RunControlData//CFGLastActivatedBackboneGroup.hist
Returning empty groupName and key -1
ActionOfLastGroup: ActivatedIterator
Can't open file: /home/mu2edaq/otsdaq_demo/srcs/otsdaq_demo/NoGitData/ServiceData/RunControlData//CFGLastActivatedIteratorGroup.hist
Returning empty groupName and key -1
ConfigurationGUISupervisor:280	<> Ignoring errors in handling other subsystem active groups (assuming the subsystem information map is not setup in SubsystemUserDataPathsTable) -- here is the error: 
|ConfigurationManager: /scratch/workspace/otsdaq-release-build/SLF7/s128-e20-prof/build/otsdaq/v2_08_00-buildFW/src/otsdaq/ConfigurationInterface/ConfigurationManager.cc:2759 |	Can not find table named 'SubsystemUserDataPathsTable' - you need to load the table before it can be used. It probably is missing from the member list of the Table Group that was loaded.

You may need to enter wiz mode to remedy the situation, use the following:

	 StartOTS.sh --wiz





|StringMacros.cc: /scratch/workspace/otsdaq-release-build/SLF7/s128-e20-prof/build/otsdaq/v2_08_00-buildFW/src/otsdaq/Macros/StringMacros.cc:1180 |	ots::stackTrace:
[1] /cvmfs/fermilab.opensciencegrid.org/products/artdaq/otsdaq/v2_08_00/slf7.x86_64.e20.s128.prof/lib/libConfigurationInterface.so : ots::ConfigurationManager::getTableByName(std::__cxx11::basic_string<char, std::char_traits<char>, std::allocator<char> > const&) const+0x269 [0x7fc42545e769]
[2] /cvmfs/fermilab.opensciencegrid.org/products/artdaq/otsdaq/v2_08_00/slf7.x86_64.e20.s128.prof/lib/libConfigurationInterface.so : ots::ConfigurationManager::getNode(std::__cxx11::basic_string<char, std::char_traits<char>, std::allocator<char> > const&, bool) const+0x138 [0x7fc42546aa48]
[3] //cvmfs/fermilab.opensciencegrid.org/products/artdaq/otsdaq_utilities/v2_08_00/slf7.x86_64.e20.s128.prof/lib/libConfigurationGUI.so : ots::ConfigurationGUISupervisor::handleOtherSubsystemActiveGroups(ots::HttpXmlDocument&, ots::ConfigurationManagerRW*, bool, std::__cxx11::basic_string<char, std::char_traits<char>, std::allocator<char> >)+0x54 [0x7fc4348170f4]
[4] //cvmfs/fermilab.opensciencegrid.org/products/artdaq/otsdaq_utilities/v2_08_00/slf7.x86_64.e20.s128.prof/lib/libConfigurationGUI.so : ots::ConfigurationGUISupervisor::request(std::__cxx11::basic_string<char, std::char_traits<char>, std::allocator<char> > const&, cgicc::Cgicc&, ots::HttpXmlDocument&, ots::WebUsers::RequestUserInfo const&)+0x1d10e [0x7fc4348ddd9e]
[5] /cvmfs/fermilab.opensciencegrid.org/products/artdaq/otsdaq/v2_08_00/slf7.x86_64.e20.s128.prof/lib/libCoreSupervisors.so : ots::CoreSupervisorBase::requestWrapper(xgi::Input*, xgi::Output*)+0x40f [0x7fc434378c8f]
[6] //cvmfs/fermilab.opensciencegrid.org/products/artdaq/xdaq/v16_28_0_3/Linux64bit+3.10-2.17-e20-prof/lib/libexecutive.so : executive::XgiDispatcher::processIncomingMessage(xgi::Input*, xgi::Output*)+0x1de [0x7fc445aca41e]
[7] //cvmfs/fermilab.opensciencegrid.org/products/artdaq/xdaq/v16_28_0_3/Linux64bit+3.10-2.17-e20-prof/lib/libpthttp.so : pt::http::ReceiverLoop::onRequest(std::__cxx11::basic_string<char, std::char_traits<char>, std::allocator<char> > const&, std::__cxx11::basic_string<char, std::char_traits<char>, std::allocator<char> > const&)+0x3ee0 [0x7fc445613e60]
[8] //cvmfs/fermilab.opensciencegrid.org/products/artdaq/xdaq/v16_28_0_3/Linux64bit+3.10-2.17-e20-prof/lib/libpthttp.so : pt::http::ReceiverLoop::process(toolbox::task::WorkLoop*)+0x25c [0x7fc44561765c]
[9] /cvmfs/fermilab.opensciencegrid.org/products/artdaq/xdaq/v16_28_0_3/Linux64bit+3.10-2.17-e20-prof/lib/libtoolbox.so : toolbox::task::WaitingWorkLoop::process()+0x80 [0x7fc45f3e0970]
ConfigurationGUISupervisor:280	<> requestType: getGroupAliases
ConfigurationGUISupervisor:280	<> reloadActive: 0
TableBase-GroupCache_TableEditWizBackbone	<> TableBase for 'GroupCache_TableEditWizBackbone' constructed.
GROUP_CACHE-TABLE_EDIT_WIZ_BACKBONEv-2	<> TableView copy for 'GROUP_CACHE-TABLE_EDIT_WIZ_BACKBONE' done.
GROUP_CACHE-TABLE_EDIT_WIZ_BACKBONEv4	<> TableView copy for 'GROUP_CACHE-TABLE_EDIT_WIZ_BACKBONE' done.
admin	<> Ignoring that groupMetadataTable_ is missing for group 'TableEditWizBackbone(4). Going with anonymous defaults.
ConfigurationGUISupervisor:280	<> activeVersions["GroupAliasesTable"]=4
ConfigurationGUISupervisor:280	<>  PROCESSOR_COUNT 28 ==> 14 threads for alias group loads.
TableBase-GroupCache_defaultConfig	<> TableBase for 'GroupCache_defaultConfig' constructed.
GROUP_CACHE-DEFAULT_CONFIGv-2	<> TableView copy for 'GROUP_CACHE-DEFAULT_CONFIG' done.
GROUP_CACHE-DEFAULT_CONFIGv2	<> TableView copy for 'GROUP_CACHE-DEFAULT_CONFIG' done.
ConfigurationGUISupervisor:280	<> requestType: getTreeView
TableBase-TableGroupMetadata	<> Special table 'TableGroupMetadata' constructed. 1
READONLY_USER	<> runTimeSeconds() = 7.8125e-05
READONLY_USER	<> runTimeSeconds() = 0.000143145
READONLY_USER	<> runTimeSeconds() = 0.000421514
READONLY_USER	<> runTimeSeconds() = 0.000473319
READONLY_USER	<> Private constructor for write access called.
TreeDiff	<> Instantiating Config Manager with Write Access! (for TreeDiff) time=1718116573 runTimeSeconds()=0.000540559
TreeDiff	<> runTimeSeconds() = 0.000597434
ConfigurationGUISupervisor:280	<> Refreshing all table info, ignoring warnings...
admin	<> ======================================================== getAllTableInfo start runtime=3970.15
admin	<> Refreshing all! Extracting list of tables...
admin	<> Extracting list of tables complete.
admin	<> Now initializing...
admin	<> username_ = admin
admin	<> Destroying Configuration Key: 2
admin	<> Destroying Backbone Key: 4
admin	<> Destroying Context Key: 3
admin	<> ACTIVE_GROUPS_FILENAME = /home/mu2edaq/otsdaq_demo/srcs/otsdaq_demo/NoGitData/ServiceData/ActiveTableGroups.cfg
admin	<> ARTDAQ_DATABASE_URI = filesystemdb:///home/mu2edaq/otsdaq_demo/srcs/otsdaq_demo/NoGitDatabases/filesystemdb/test_db
admin	<> Ignoring warnings while loading and activating group 'testContext(3)'
TableBase-GroupCache_testContext	<> TableBase for 'GroupCache_testContext' constructed.
GROUP_CACHE-TEST_CONTEXTv-2	<> TableView copy for 'GROUP_CACHE-TEST_CONTEXT' done.
GROUP_CACHE-TEST_CONTEXTv3	<> TableView copy for 'GROUP_CACHE-TEST_CONTEXT' done.
admin	<> ------------------------------------- init start    	 [for all plug-ins in Context group 'testContext(3)']
admin	<> Errors detected while loading Table Group: testContext(3). Ignoring the following errors: 
|ConfigurationManager: /scratch/workspace/otsdaq-release-build/SLF7/s128-e20-prof/build/otsdaq/v2_08_00-buildFW/src/otsdaq/ConfigurationInterface/ConfigurationManager.cc:2630 |	At node 'XDAQApplicationTable' with entry UID 'FESupervisor' there is a disconnected child node at link column 'LinkToSupervisorTable' that points to table named 'FESupervisorTable' ...|ConfigurationManager: /scratch/workspace/otsdaq-release-build/SLF7/s128-e20-prof/build/otsdaq/v2_08_00-buildFW/src/otsdaq/ConfigurationInterface/ConfigurationManager.cc:2630 |	At node 'XDAQApplicationTable' with entry UID 'DataManagerSupervisor' there is a disconnected child node at link column 'LinkToSupervisorTable' that points to table named 'DataManagerSupervisorTable' ...|ConfigurationManager: /scratch/workspace/otsdaq-release-build/SLF7/s128-e20-prof/build/otsdaq/v2_08_00-buildFW/src/otsdaq/ConfigurationInterface/ConfigurationManager.cc:2630 |	At node 'XDAQApplicationTable' with entry UID 'VisualSupervisor' there is a disconnected child node at link column 'LinkToSupervisorTable' that points to table named 'DataManagerSupervisorTable' ...
admin	<>  PROCESSOR_COUNT 28 ==> 14 threads for initializing tables.
Fixing deprecated Supervisor class from ots::Supervisor to ots::GatewaySupervisor
admin	<> ------------------------------------- init complete 	 [for all plug-ins in Context group 'testContext(3)']
admin	<> Ignoring warnings while loading and activating group 'TableEditWizBackbone(4)'
TableBase-GroupCache_TableEditWizBackbone	<> TableBase for 'GroupCache_TableEditWizBackbone' constructed.
GROUP_CACHE-TABLE_EDIT_WIZ_BACKBONEv-2	<> TableView copy for 'GROUP_CACHE-TABLE_EDIT_WIZ_BACKBONE' done.
GROUP_CACHE-TABLE_EDIT_WIZ_BACKBONEv4	<> TableView copy for 'GROUP_CACHE-TABLE_EDIT_WIZ_BACKBONE' done.
admin	<> Ignoring that groupMetadataTable_ is missing for group 'TableEditWizBackbone(4). Going with anonymous defaults.
admin	<> ------------------------------------- init start    	 [for all plug-ins in Backbone group 'TableEditWizBackbone(4)']
admin	<>  PROCESSOR_COUNT 28 ==> 14 threads for initializing tables.
admin	<> ------------------------------------- init complete 	 [for all plug-ins in Backbone group 'TableEditWizBackbone(4)']
admin	<> Ignoring warnings while loading and activating group 'defaultConfig(2)'
TableBase-GroupCache_defaultConfig	<> TableBase for 'GroupCache_defaultConfig' constructed.
GROUP_CACHE-DEFAULT_CONFIGv-2	<> TableView copy for 'GROUP_CACHE-DEFAULT_CONFIG' done.
GROUP_CACHE-DEFAULT_CONFIGv2	<> TableView copy for 'GROUP_CACHE-DEFAULT_CONFIG' done.
admin	<> ------------------------------------- init start    	 [for all plug-ins in Configuration group 'defaultConfig(2)']
admin	<>  PROCESSOR_COUNT 28 ==> 14 threads for initializing tables.
admin	<> ------------------------------------- init complete 	 [for all plug-ins in Configuration group 'defaultConfig(2)']
admin	<> ======================================================== getAllTableInfo end runtime=3970.34
ConfigurationGUISupervisor:280	<> Loading group 'testContext(3)'
TableBase-GroupCache_testContext	<> TableBase for 'GroupCache_testContext' constructed.
GROUP_CACHE-TEST_CONTEXTv-2	<> TableView copy for 'GROUP_CACHE-TEST_CONTEXT' done.
GROUP_CACHE-TEST_CONTEXTv3	<> TableView copy for 'GROUP_CACHE-TEST_CONTEXT' done.
ConfigurationGUISupervisor:280	<> accumulateTreeErrs = 
ConfigurationGUISupervisor:280	<> requestType: getTreeView
TableBase-TableGroupMetadata	<> Special table 'TableGroupMetadata' constructed. 1
READONLY_USER	<> runTimeSeconds() = 7.7924e-05
READONLY_USER	<> runTimeSeconds() = 0.000135879
READONLY_USER	<> runTimeSeconds() = 0.00041392
READONLY_USER	<> runTimeSeconds() = 0.000472849
READONLY_USER	<> Private constructor for write access called.
TreeDiff	<> Instantiating Config Manager with Write Access! (for TreeDiff) time=1718116578 runTimeSeconds()=0.000540039
TreeDiff	<> runTimeSeconds() = 0.000591764
ConfigurationGUISupervisor:280	<> Loading group 'testContext(3)'
TableBase-GroupCache_testContext	<> TableBase for 'GroupCache_testContext' constructed.
GROUP_CACHE-TEST_CONTEXTv-2	<> TableView copy for 'GROUP_CACHE-TEST_CONTEXT' done.
GROUP_CACHE-TEST_CONTEXTv3	<> TableView copy for 'GROUP_CACHE-TEST_CONTEXT' done.
StringMacros::mapToString(filterMap) = 
ConfigurationGUISupervisor:280	<> requestType: getTreeView
TableBase-TableGroupMetadata	<> Special table 'TableGroupMetadata' constructed. 1
READONLY_USER	<> runTimeSeconds() = 5.6657e-05
READONLY_USER	<> runTimeSeconds() = 0.000103945
READONLY_USER	<> runTimeSeconds() = 0.000308872
READONLY_USER	<> runTimeSeconds() = 0.000360835
READONLY_USER	<> Private constructor for write access called.
TreeDiff	<> Instantiating Config Manager with Write Access! (for TreeDiff) time=1718116580 runTimeSeconds()=0.000420058
TreeDiff	<> runTimeSeconds() = 0.000472938
ConfigurationGUISupervisor:280	<> Loading group 'testContext(3)'
TableBase-GroupCache_testContext	<> TableBase for 'GroupCache_testContext' constructed.
GROUP_CACHE-TEST_CONTEXTv-2	<> TableView copy for 'GROUP_CACHE-TEST_CONTEXT' done.
GROUP_CACHE-TEST_CONTEXTv3	<> TableView copy for 'GROUP_CACHE-TEST_CONTEXT' done.
StringMacros::mapToString(filterMap) = 
choices.size() 12
choices.size() 3
ConfigurationGUISupervisor:280	<> requestType: getTreeView
TableBase-TableGroupMetadata	<> Special table 'TableGroupMetadata' constructed. 1
READONLY_USER	<> runTimeSeconds() = 6.3521e-05
READONLY_USER	<> runTimeSeconds() = 0.000129367
READONLY_USER	<> runTimeSeconds() = 0.000455223
READONLY_USER	<> runTimeSeconds() = 0.000521661
READONLY_USER	<> Private constructor for write access called.
TreeDiff	<> Instantiating Config Manager with Write Access! (for TreeDiff) time=1718116587 runTimeSeconds()=0.000586779
TreeDiff	<> runTimeSeconds() = 0.000637971
ConfigurationGUISupervisor:280	<> Loading group 'testContext(3)'
TableBase-GroupCache_testContext	<> TableBase for 'GroupCache_testContext' constructed.
GROUP_CACHE-TEST_CONTEXTv-2	<> TableView copy for 'GROUP_CACHE-TEST_CONTEXT' done.
GROUP_CACHE-TEST_CONTEXTv3	<> TableView copy for 'GROUP_CACHE-TEST_CONTEXT' done.
ConfigurationGUISupervisor:280	<> requestType: saveTreeNodeEdit
ConfigurationGUISupervisor:280	<> editNodeType: value-bool
ConfigurationGUISupervisor:280	<> targetTable: XDAQApplicationTable
ConfigurationGUISupervisor:280	<> targetTableVersion: 3
ConfigurationGUISupervisor:280	<> targetUID: LogbookSupervisor
ConfigurationGUISupervisor:280	<> targetColumn: Status
ConfigurationGUISupervisor:280	<> newValue: Off
ConfigurationGUISupervisor:280	<> table XDAQApplicationTable(3)
ConfigurationGUISupervisor:280	<> Active version is 3
ConfigurationGUISupervisor:280	<> Created temporary version -2
XDAQ_APPLICATION_TABLEv-2	<> Row=5 was modified!
admin	<> 		**************************** Save as temporary 'XDAQApplicationTable' table version
admin	<> 		 'XDAQApplicationTable' new assigned version: -2
ConfigurationGUISupervisor:280	<> requestType: getAffectedActiveGroups
ConfigurationGUISupervisor:280	<> modifiedTables: XDAQApplicationTable,-2
ConfigurationGUISupervisor:280	<> groupName: testContext
ConfigurationGUISupervisor:280	<> groupKey: 3
ConfigurationGUISupervisor:280	<> StringMacros::mapToString(consideredGroups) = Backbone/TableEditWizBackbone: 4, Configuration/defaultConfig: 2, Context/testContext: 3, Iterate/: -1
TableBase-GroupCache_testContext	<> TableBase for 'GroupCache_testContext' constructed.
GROUP_CACHE-TEST_CONTEXTv-2	<> TableView copy for 'GROUP_CACHE-TEST_CONTEXT' done.
GROUP_CACHE-TEST_CONTEXTv3	<> TableView copy for 'GROUP_CACHE-TEST_CONTEXT' done.
ConfigurationGUISupervisor:280	<> XDAQApplicationTable,-2
ConfigurationGUISupervisor:280	<> modified table XDAQApplicationTable:-2
ConfigurationGUISupervisor:280	<> Considering Context group testContext (3)
TableBase-GroupCache_testContext	<> TableBase for 'GroupCache_testContext' constructed.
GROUP_CACHE-TEST_CONTEXTv-2	<> TableView copy for 'GROUP_CACHE-TEST_CONTEXT' done.
GROUP_CACHE-TEST_CONTEXTv3	<> TableView copy for 'GROUP_CACHE-TEST_CONTEXT' done.
ConfigurationGUISupervisor:280	<> groupComment = Default%20Context%20group.
ConfigurationGUISupervisor:280	<> Affected by XDAQApplicationTable:-2
ConfigurationGUISupervisor:280	<> Considering Backbone group TableEditWizBackbone (4)
TableBase-GroupCache_TableEditWizBackbone	<> TableBase for 'GroupCache_TableEditWizBackbone' constructed.
GROUP_CACHE-TABLE_EDIT_WIZ_BACKBONEv-2	<> TableView copy for 'GROUP_CACHE-TABLE_EDIT_WIZ_BACKBONE' done.
GROUP_CACHE-TABLE_EDIT_WIZ_BACKBONEv4	<> TableView copy for 'GROUP_CACHE-TABLE_EDIT_WIZ_BACKBONE' done.
admin	<> Ignoring that groupMetadataTable_ is missing for group 'TableEditWizBackbone(4). Going with anonymous defaults.
ConfigurationGUISupervisor:280	<> groupComment = UNKNOWN
ConfigurationGUISupervisor:280	<> Considering Configuration group defaultConfig (2)
TableBase-GroupCache_defaultConfig	<> TableBase for 'GroupCache_defaultConfig' constructed.
GROUP_CACHE-DEFAULT_CONFIGv-2	<> TableView copy for 'GROUP_CACHE-DEFAULT_CONFIG' done.
GROUP_CACHE-DEFAULT_CONFIGv2	<> TableView copy for 'GROUP_CACHE-DEFAULT_CONFIG' done.
ConfigurationGUISupervisor:280	<> groupComment = Default%20Table%20group.
ConfigurationGUISupervisor:280	<> Considering mockup tables for Configuration Group...
ConfigurationGUISupervisor:280	<> requestType: getGroupAliases
ConfigurationGUISupervisor:280	<> reloadActive: 0
TableBase-GroupCache_TableEditWizBackbone	<> TableBase for 'GroupCache_TableEditWizBackbone' constructed.
GROUP_CACHE-TABLE_EDIT_WIZ_BACKBONEv-2	<> TableView copy for 'GROUP_CACHE-TABLE_EDIT_WIZ_BACKBONE' done.
GROUP_CACHE-TABLE_EDIT_WIZ_BACKBONEv4	<> TableView copy for 'GROUP_CACHE-TABLE_EDIT_WIZ_BACKBONE' done.
admin	<> Ignoring that groupMetadataTable_ is missing for group 'TableEditWizBackbone(4). Going with anonymous defaults.
ConfigurationGUISupervisor:280	<> activeVersions["GroupAliasesTable"]=4
ConfigurationGUISupervisor:280	<>  PROCESSOR_COUNT 28 ==> 14 threads for alias group loads.
TableBase-GroupCache_defaultConfig	<> TableBase for 'GroupCache_defaultConfig' constructed.
GROUP_CACHE-DEFAULT_CONFIGv-2	<> TableView copy for 'GROUP_CACHE-DEFAULT_CONFIG' done.
GROUP_CACHE-DEFAULT_CONFIGv2	<> TableView copy for 'GROUP_CACHE-DEFAULT_CONFIG' done.
ConfigurationGUISupervisor:280	<> requestType: saveSpecificTable
ConfigurationGUISupervisor:280	<> tableName: XDAQApplicationTable version: -2 temporary: 0 dataOffset: 0
ConfigurationGUISupervisor:280	<> comment: Default%20applications%20for%20tutorial.
ConfigurationGUISupervisor:280	<> data: 
ConfigurationGUISupervisor:280	<> sourceTableAsIs: 1
ConfigurationGUISupervisor:280	<> lookForEquivalent: 0
		temporaryVersion: -3
Table comment was set to:
	Default applications for tutorial.
admin	<> Checking for duplicate 'XDAQApplicationTable' tables...
admin	<> Filling up 'XDAQApplicationTable' cache from 1 to max count of 20
admin	<> Checking 'XDAQApplicationTable' duplicate...
TableBase-XDAQApplicationTable	<> No duplicates found in 1 potential matches.
admin	<> Check for duplicate 'XDAQApplicationTable' tables complete.
admin	<> 		**************************** Save as new 'XDAQApplicationTable' table version
XDAQ_APPLICATION_TABLEv4	<>  'XDAQ_APPLICATION_TABLE' vs GROUP_CACHE- or JSON_DOC-
admin	<> 		 'XDAQApplicationTable' new assigned version: 4
ConfigurationGUISupervisor:280	<> requestType: getTableGroupType
ConfigurationGUISupervisor:280	<> tableList: DesktopIconTable,3,DesktopWindowParameterTable,3,GatewaySupervisorTable,3,MessageFacilityTable,3,SlowControlsDashboardSupervisorTable,3,StateMachineTable,3,XDAQApplicationPropertyTable,3,XDAQApplicationTable,4,XDAQContextTable,3,
ConfigurationGUISupervisor:280	<> requestType: saveNewTableGroup
ConfigurationGUISupervisor:280	<> saveNewTableGroup: testContext
ConfigurationGUISupervisor:280	<> tableList: DesktopIconTable,3,DesktopWindowParameterTable,3,GatewaySupervisorTable,3,MessageFacilityTable,3,SlowControlsDashboardSupervisorTable,3,StateMachineTable,3,XDAQApplicationPropertyTable,3,XDAQApplicationTable,4,XDAQContextTable,3,
ConfigurationGUISupervisor:280	<> ignoreWarnings: 0
ConfigurationGUISupervisor:280	<> allowDuplicates: 0
ConfigurationGUISupervisor:280	<> lookForEquivalent: 1
ConfigurationGUISupervisor:280	<> comment: Default%20Context%20group.
admin	<> ======================================================== getAllTableInfo start runtime=3993.17
admin	<> Refreshing all! Extracting list of tables...
admin	<> Extracting list of tables complete.
admin	<> Now initializing...
admin	<> username_ = admin
admin	<> Destroying Configuration Key: 2
admin	<> Destroying Backbone Key: 4
admin	<> Destroying Context Key: 3
admin	<> ACTIVE_GROUPS_FILENAME = /home/mu2edaq/otsdaq_demo/srcs/otsdaq_demo/NoGitData/ServiceData/ActiveTableGroups.cfg
admin	<> ARTDAQ_DATABASE_URI = filesystemdb:///home/mu2edaq/otsdaq_demo/srcs/otsdaq_demo/NoGitDatabases/filesystemdb/test_db
admin	<> Ignoring warnings while loading and activating group 'testContext(3)'
TableBase-GroupCache_testContext	<> TableBase for 'GroupCache_testContext' constructed.
GROUP_CACHE-TEST_CONTEXTv-2	<> TableView copy for 'GROUP_CACHE-TEST_CONTEXT' done.
GROUP_CACHE-TEST_CONTEXTv3	<> TableView copy for 'GROUP_CACHE-TEST_CONTEXT' done.
admin	<> ------------------------------------- init start    	 [for all plug-ins in Context group 'testContext(3)']
admin	<> Errors detected while loading Table Group: testContext(3). Ignoring the following errors: 
|ConfigurationManager: /scratch/workspace/otsdaq-release-build/SLF7/s128-e20-prof/build/otsdaq/v2_08_00-buildFW/src/otsdaq/ConfigurationInterface/ConfigurationManager.cc:2630 |	At node 'XDAQApplicationTable' with entry UID 'FESupervisor' there is a disconnected child node at link column 'LinkToSupervisorTable' that points to table named 'FESupervisorTable' ...|ConfigurationManager: /scratch/workspace/otsdaq-release-build/SLF7/s128-e20-prof/build/otsdaq/v2_08_00-buildFW/src/otsdaq/ConfigurationInterface/ConfigurationManager.cc:2630 |	At node 'XDAQApplicationTable' with entry UID 'DataManagerSupervisor' there is a disconnected child node at link column 'LinkToSupervisorTable' that points to table named 'DataManagerSupervisorTable' ...|ConfigurationManager: /scratch/workspace/otsdaq-release-build/SLF7/s128-e20-prof/build/otsdaq/v2_08_00-buildFW/src/otsdaq/ConfigurationInterface/ConfigurationManager.cc:2630 |	At node 'XDAQApplicationTable' with entry UID 'VisualSupervisor' there is a disconnected child node at link column 'LinkToSupervisorTable' that points to table named 'DataManagerSupervisorTable' ...
admin	<>  PROCESSOR_COUNT 28 ==> 14 threads for initializing tables.
Fixing deprecated Supervisor class from ots::Supervisor to ots::GatewaySupervisor
admin	<> ------------------------------------- init complete 	 [for all plug-ins in Context group 'testContext(3)']
admin	<> Ignoring warnings while loading and activating group 'TableEditWizBackbone(4)'
TableBase-GroupCache_TableEditWizBackbone	<> TableBase for 'GroupCache_TableEditWizBackbone' constructed.
GROUP_CACHE-TABLE_EDIT_WIZ_BACKBONEv-2	<> TableView copy for 'GROUP_CACHE-TABLE_EDIT_WIZ_BACKBONE' done.
GROUP_CACHE-TABLE_EDIT_WIZ_BACKBONEv4	<> TableView copy for 'GROUP_CACHE-TABLE_EDIT_WIZ_BACKBONE' done.
admin	<> Ignoring that groupMetadataTable_ is missing for group 'TableEditWizBackbone(4). Going with anonymous defaults.
admin	<> ------------------------------------- init start    	 [for all plug-ins in Backbone group 'TableEditWizBackbone(4)']
admin	<>  PROCESSOR_COUNT 28 ==> 14 threads for initializing tables.
admin	<> ------------------------------------- init complete 	 [for all plug-ins in Backbone group 'TableEditWizBackbone(4)']
admin	<> Ignoring warnings while loading and activating group 'defaultConfig(2)'
TableBase-GroupCache_defaultConfig	<> TableBase for 'GroupCache_defaultConfig' constructed.
GROUP_CACHE-DEFAULT_CONFIGv-2	<> TableView copy for 'GROUP_CACHE-DEFAULT_CONFIG' done.
GROUP_CACHE-DEFAULT_CONFIGv2	<> TableView copy for 'GROUP_CACHE-DEFAULT_CONFIG' done.
admin	<> ------------------------------------- init start    	 [for all plug-ins in Configuration group 'defaultConfig(2)']
admin	<>  PROCESSOR_COUNT 28 ==> 14 threads for initializing tables.
admin	<> ------------------------------------- init complete 	 [for all plug-ins in Configuration group 'defaultConfig(2)']
admin	<> ======================================================== getAllTableInfo end runtime=3993.31
admin	<> Number of Groups: 4
Ignoring these errors: |ConfigurationManager: /scratch/workspace/otsdaq-release-build/SLF7/s128-e20-prof/build/otsdaq/v2_08_00-buildFW/src/otsdaq/ConfigurationInterface/ConfigurationManager.cc:2630 |	At node 'XDAQApplicationTable' with entry UID 'FESupervisor' there is a disconnected child node at link column 'LinkToSupervisorTable' that points to table named 'FESupervisorTable' ...|ConfigurationManager: /scratch/workspace/otsdaq-release-build/SLF7/s128-e20-prof/build/otsdaq/v2_08_00-buildFW/src/otsdaq/ConfigurationInterface/ConfigurationManager.cc:2630 |	At node 'XDAQApplicationTable' with entry UID 'DataManagerSupervisor' there is a disconnected child node at link column 'LinkToSupervisorTable' that points to table named 'DataManagerSupervisorTable' ...|ConfigurationManager: /scratch/workspace/otsdaq-release-build/SLF7/s128-e20-prof/build/otsdaq/v2_08_00-buildFW/src/otsdaq/ConfigurationInterface/ConfigurationManager.cc:2630 |	At node 'XDAQApplicationTable' with entry UID 'VisualSupervisor' there is a disconnected child node at link column 'LinkToSupervisorTable' that points to table named 'DataManagerSupervisorTable' ...
StringMacros::mapToString(memberTableAliases) = 
Checking for duplicate groups...
admin	<> Checking all groups.
admin	<>  PROCESSOR_COUNT 28 ==> 14 threads.
TableBase-GroupCache_testContext	<> TableBase for 'GroupCache_testContext' constructed.
GROUP_CACHE-TEST_CONTEXTv-2	<> TableView copy for 'GROUP_CACHE-TEST_CONTEXT' done.
GROUP_CACHE-TEST_CONTEXTv3	<> TableView copy for 'GROUP_CACHE-TEST_CONTEXT' done.
admin	<> No match found - this group is new!
Check for duplicate groups complete.
Saving new group...
admin	<> New Key for group: testContext found as 4
admin	<> Metadata: admin 1718116596 Default%20Context%20group. 
TABLE_GROUP_METADATAv4	<>  'TABLE_GROUP_METADATA' vs GROUP_CACHE- or JSON_DOC-
TableBase-GroupCache_testContext	<> TableBase for 'GroupCache_testContext' constructed.
GROUP_CACHE-TEST_CONTEXTv-2	<> TableView copy for 'GROUP_CACHE-TEST_CONTEXT' done.
GROUP_CACHE-TEST_CONTEXTv4	<> TableView copy for 'GROUP_CACHE-TEST_CONTEXT' done.
GROUP_CACHE-TEST_CONTEXTv4	<>  'GROUP_CACHE-TEST_CONTEXT' vs GROUP_CACHE- or JSON_DOC-
admin	<> Created table group: testContext:4
Loading new table group...
groupName=testContext
groupKey=4
ignoreWarnings = 0
TableBase-GroupCache_testContext	<> TableBase for 'GroupCache_testContext' constructed.
GROUP_CACHE-TEST_CONTEXTv-2	<> TableView copy for 'GROUP_CACHE-TEST_CONTEXT' done.
GROUP_CACHE-TEST_CONTEXTv4	<> TableView copy for 'GROUP_CACHE-TEST_CONTEXT' done.
StringMacros::mapToString(groupMemberAliases) = 
# of table version aliases: 0
ConfigurationGUISupervisor:280	<> requestType: activateTableGroup
ConfigurationGUISupervisor:280	<> Activating group: testContext(4)
ConfigurationGUISupervisor:280	<> ignoreWarnings = 0
TableBase-GroupCache_testContext	<> TableBase for 'GroupCache_testContext' constructed.
GROUP_CACHE-TEST_CONTEXTv-2	<> TableView copy for 'GROUP_CACHE-TEST_CONTEXT' done.
GROUP_CACHE-TEST_CONTEXTv4	<> TableView copy for 'GROUP_CACHE-TEST_CONTEXT' done.
admin	<> ------------------------------------- init start    	 [for all plug-ins in Context group 'testContext(4)']
admin	<> Deactivating Context group: testContext
admin	<> Destroying Context Key: 3
admin	<>  PROCESSOR_COUNT 28 ==> 14 threads for initializing tables.
Fixing deprecated Supervisor class from ots::Supervisor to ots::GatewaySupervisor
admin	<> ------------------------------------- init complete 	 [for all plug-ins in Context group 'testContext(4)']
admin	<> Updating persistent active groups to /home/mu2edaq/otsdaq_demo/srcs/otsdaq_demo/NoGitData/ServiceData/ActiveTableGroups.cfg ...
Active Context table group: testContext(4)
Active Backbone table group: TableEditWizBackbone(4)
Active Iterate table group: (-1)
Active Configuration table group: defaultConfig(2)
ConfigurationGUISupervisor:280	<> requestType: getTableGroups
ConfigurationGUISupervisor:280	<> doNotReturnMembers: 0
ConfigurationGUISupervisor:280	<> Group Info cache appears empty. Attempting to regenerate.
admin	<> ======================================================== getAllTableInfo start runtime=4025.66
admin	<> Refreshing all! Extracting list of tables...
admin	<> Extracting list of tables complete.
admin	<> Now initializing...
admin	<> username_ = admin
admin	<> Destroying Configuration Key: 2
admin	<> Destroying Backbone Key: 4
admin	<> Destroying Context Key: 4
admin	<> ACTIVE_GROUPS_FILENAME = /home/mu2edaq/otsdaq_demo/srcs/otsdaq_demo/NoGitData/ServiceData/ActiveTableGroups.cfg
admin	<> ARTDAQ_DATABASE_URI = filesystemdb:///home/mu2edaq/otsdaq_demo/srcs/otsdaq_demo/NoGitDatabases/filesystemdb/test_db
TableBase-GroupCache_testContext	<> TableBase for 'GroupCache_testContext' constructed.
GROUP_CACHE-TEST_CONTEXTv-2	<> TableView copy for 'GROUP_CACHE-TEST_CONTEXT' done.
GROUP_CACHE-TEST_CONTEXTv4	<> TableView copy for 'GROUP_CACHE-TEST_CONTEXT' done.
admin	<> ------------------------------------- init start    	 [for all plug-ins in Context group 'testContext(4)']
admin	<>  PROCESSOR_COUNT 28 ==> 14 threads for initializing tables.
Fixing deprecated Supervisor class from ots::Supervisor to ots::GatewaySupervisor
admin	<> ------------------------------------- init complete 	 [for all plug-ins in Context group 'testContext(4)']
TableBase-GroupCache_TableEditWizBackbone	<> TableBase for 'GroupCache_TableEditWizBackbone' constructed.
GROUP_CACHE-TABLE_EDIT_WIZ_BACKBONEv-2	<> TableView copy for 'GROUP_CACHE-TABLE_EDIT_WIZ_BACKBONE' done.
GROUP_CACHE-TABLE_EDIT_WIZ_BACKBONEv4	<> TableView copy for 'GROUP_CACHE-TABLE_EDIT_WIZ_BACKBONE' done.
admin	<> Ignoring that groupMetadataTable_ is missing for group 'TableEditWizBackbone(4). Going with anonymous defaults.
admin	<> ------------------------------------- init start    	 [for all plug-ins in Backbone group 'TableEditWizBackbone(4)']
admin	<>  PROCESSOR_COUNT 28 ==> 14 threads for initializing tables.
admin	<> ------------------------------------- init complete 	 [for all plug-ins in Backbone group 'TableEditWizBackbone(4)']
TableBase-GroupCache_defaultConfig	<> TableBase for 'GroupCache_defaultConfig' constructed.
GROUP_CACHE-DEFAULT_CONFIGv-2	<> TableView copy for 'GROUP_CACHE-DEFAULT_CONFIG' done.
GROUP_CACHE-DEFAULT_CONFIGv2	<> TableView copy for 'GROUP_CACHE-DEFAULT_CONFIG' done.
admin	<> ------------------------------------- init start    	 [for all plug-ins in Configuration group 'defaultConfig(2)']
admin	<>  PROCESSOR_COUNT 28 ==> 14 threads for initializing tables.
admin	<> ------------------------------------- init complete 	 [for all plug-ins in Configuration group 'defaultConfig(2)']
admin	<> ======================================================== getAllTableInfo end runtime=4025.82
admin	<> Number of Groups: 5
admin	<>  PROCESSOR_COUNT 28 ==> 14 threads.
TableBase-GroupCache_TableEditWizBackbone	<> TableBase for 'GroupCache_TableEditWizBackbone' constructed.
TableBase-GroupCache_testContext	<> TableBase for 'GroupCache_testContext' constructed.
TableBase-GroupCache_defaultConfig	<> TableBase for 'GroupCache_defaultConfig' constructed.
GROUP_CACHE-TABLE_EDIT_WIZ_BACKBONEv-2	<> TableView copy for 'GROUP_CACHE-TABLE_EDIT_WIZ_BACKBONE' done.
GROUP_CACHE-TEST_CONTEXTv-2	<> TableView copy for 'GROUP_CACHE-TEST_CONTEXT' done.
GROUP_CACHE-DEFAULT_CONFIGv-2	<> TableView copy for 'GROUP_CACHE-DEFAULT_CONFIG' done.
GROUP_CACHE-TABLE_EDIT_WIZ_BACKBONEv4	<> TableView copy for 'GROUP_CACHE-TABLE_EDIT_WIZ_BACKBONE' done.
GROUP_CACHE-TEST_CONTEXTv4	<> TableView copy for 'GROUP_CACHE-TEST_CONTEXT' done.
GROUP_CACHE-DEFAULT_CONFIGv2	<> TableView copy for 'GROUP_CACHE-DEFAULT_CONFIG' done.
admin	<> Ignoring that groupMetadataTable_ is missing for group 'TableEditWizBackbone(4). Going with anonymous defaults.
ConfigurationGUISupervisor:280	<> requestType: getBackboneMemberNames
ConfigurationGUISupervisor:280	<> requestType: getContextMemberNames
ConfigurationGUISupervisor:280	<> requestType: getIterateMemberNames
***Successfully authenticated security sequence. 1718116644
requestType = getAppId
classNeedle = ots::CodeEditorSupervisor
ConfigurationGUISupervisor:280	<> requestType: versionTracking
ConfigurationGUISupervisor:280	<> type: Get
ConfigurationGUISupervisor:280	<> requestType: getLastTableGroups
ActionOfLastGroup: Configured
Can't open file: /home/mu2edaq/otsdaq_demo/srcs/otsdaq_demo/NoGitData/ServiceData/RunControlData//FSMLastConfiguredGroupAlias.hist
Returning empty groupName and key -1
ActionOfLastGroup: Started
Can't open file: /home/mu2edaq/otsdaq_demo/srcs/otsdaq_demo/NoGitData/ServiceData/RunControlData//FSMLastStartedGroupAlias.hist
Returning empty groupName and key -1
ActionOfLastGroup: ActivatedConfig
Can't open file: /home/mu2edaq/otsdaq_demo/srcs/otsdaq_demo/NoGitData/ServiceData/RunControlData//CFGLastActivatedConfigGroup.hist
Returning empty groupName and key -1
ActionOfLastGroup: ActivatedContext
theGroup.first=testContext theGroup.second=4
ActionOfLastGroup: ActivatedBackbone
Can't open file: /home/mu2edaq/otsdaq_demo/srcs/otsdaq_demo/NoGitData/ServiceData/RunControlData//CFGLastActivatedBackboneGroup.hist
Returning empty groupName and key -1
ActionOfLastGroup: ActivatedIterator
Can't open file: /home/mu2edaq/otsdaq_demo/srcs/otsdaq_demo/NoGitData/ServiceData/RunControlData//CFGLastActivatedIteratorGroup.hist
Returning empty groupName and key -1
ConfigurationGUISupervisor:280	<> Ignoring errors in handling other subsystem active groups (assuming the subsystem information map is not setup in SubsystemUserDataPathsTable) -- here is the error: 
|ConfigurationManager: /scratch/workspace/otsdaq-release-build/SLF7/s128-e20-prof/build/otsdaq/v2_08_00-buildFW/src/otsdaq/ConfigurationInterface/ConfigurationManager.cc:2759 |	Can not find table named 'SubsystemUserDataPathsTable' - you need to load the table before it can be used. It probably is missing from the member list of the Table Group that was loaded.

You may need to enter wiz mode to remedy the situation, use the following:

	 StartOTS.sh --wiz





|StringMacros.cc: /scratch/workspace/otsdaq-release-build/SLF7/s128-e20-prof/build/otsdaq/v2_08_00-buildFW/src/otsdaq/Macros/StringMacros.cc:1180 |	ots::stackTrace:
[1] /cvmfs/fermilab.opensciencegrid.org/products/artdaq/otsdaq/v2_08_00/slf7.x86_64.e20.s128.prof/lib/libConfigurationInterface.so : ots::ConfigurationManager::getTableByName(std::__cxx11::basic_string<char, std::char_traits<char>, std::allocator<char> > const&) const+0x269 [0x7fc42545e769]
[2] /cvmfs/fermilab.opensciencegrid.org/products/artdaq/otsdaq/v2_08_00/slf7.x86_64.e20.s128.prof/lib/libConfigurationInterface.so : ots::ConfigurationManager::getNode(std::__cxx11::basic_string<char, std::char_traits<char>, std::allocator<char> > const&, bool) const+0x138 [0x7fc42546aa48]
[3] //cvmfs/fermilab.opensciencegrid.org/products/artdaq/otsdaq_utilities/v2_08_00/slf7.x86_64.e20.s128.prof/lib/libConfigurationGUI.so : ots::ConfigurationGUISupervisor::handleOtherSubsystemActiveGroups(ots::HttpXmlDocument&, ots::ConfigurationManagerRW*, bool, std::__cxx11::basic_string<char, std::char_traits<char>, std::allocator<char> >)+0x54 [0x7fc4348170f4]
[4] //cvmfs/fermilab.opensciencegrid.org/products/artdaq/otsdaq_utilities/v2_08_00/slf7.x86_64.e20.s128.prof/lib/libConfigurationGUI.so : ots::ConfigurationGUISupervisor::request(std::__cxx11::basic_string<char, std::char_traits<char>, std::allocator<char> > const&, cgicc::Cgicc&, ots::HttpXmlDocument&, ots::WebUsers::RequestUserInfo const&)+0x1d10e [0x7fc4348ddd9e]
[5] /cvmfs/fermilab.opensciencegrid.org/products/artdaq/otsdaq/v2_08_00/slf7.x86_64.e20.s128.prof/lib/libCoreSupervisors.so : ots::CoreSupervisorBase::requestWrapper(xgi::Input*, xgi::Output*)+0x40f [0x7fc434378c8f]
[6] //cvmfs/fermilab.opensciencegrid.org/products/artdaq/xdaq/v16_28_0_3/Linux64bit+3.10-2.17-e20-prof/lib/libexecutive.so : executive::XgiDispatcher::processIncomingMessage(xgi::Input*, xgi::Output*)+0x1de [0x7fc445aca41e]
[7] //cvmfs/fermilab.opensciencegrid.org/products/artdaq/xdaq/v16_28_0_3/Linux64bit+3.10-2.17-e20-prof/lib/libpthttp.so : pt::http::ReceiverLoop::onRequest(std::__cxx11::basic_string<char, std::char_traits<char>, std::allocator<char> > const&, std::__cxx11::basic_string<char, std::char_traits<char>, std::allocator<char> > const&)+0x3ee0 [0x7fc445613e60]
[8] //cvmfs/fermilab.opensciencegrid.org/products/artdaq/xdaq/v16_28_0_3/Linux64bit+3.10-2.17-e20-prof/lib/libpthttp.so : pt::http::ReceiverLoop::process(toolbox::task::WorkLoop*)+0x25c [0x7fc44561765c]
[9] /cvmfs/fermilab.opensciencegrid.org/products/artdaq/xdaq/v16_28_0_3/Linux64bit+3.10-2.17-e20-prof/lib/libtoolbox.so : toolbox::task::WaitingWorkLoop::process()+0x80 [0x7fc45f3e0970]
ConfigurationGUISupervisor:280	<> requestType: getGroupAliases
ConfigurationGUISupervisor:280	<> reloadActive: 0
TableBase-GroupCache_TableEditWizBackbone	<> TableBase for 'GroupCache_TableEditWizBackbone' constructed.
GROUP_CACHE-TABLE_EDIT_WIZ_BACKBONEv-2	<> TableView copy for 'GROUP_CACHE-TABLE_EDIT_WIZ_BACKBONE' done.
GROUP_CACHE-TABLE_EDIT_WIZ_BACKBONEv4	<> TableView copy for 'GROUP_CACHE-TABLE_EDIT_WIZ_BACKBONE' done.
admin	<> Ignoring that groupMetadataTable_ is missing for group 'TableEditWizBackbone(4). Going with anonymous defaults.
ConfigurationGUISupervisor:280	<> activeVersions["GroupAliasesTable"]=4
ConfigurationGUISupervisor:280	<>  PROCESSOR_COUNT 28 ==> 14 threads for alias group loads.
TableBase-GroupCache_defaultConfig	<> TableBase for 'GroupCache_defaultConfig' constructed.
GROUP_CACHE-DEFAULT_CONFIGv-2	<> TableView copy for 'GROUP_CACHE-DEFAULT_CONFIG' done.
GROUP_CACHE-DEFAULT_CONFIGv2	<> TableView copy for 'GROUP_CACHE-DEFAULT_CONFIG' done.
ConfigurationGUISupervisor:280	<> requestType: getTableGroups
ConfigurationGUISupervisor:280	<> doNotReturnMembers: 0
ConfigurationGUISupervisor:280	<> requestType: getTableGroups
ConfigurationGUISupervisor:280	<> doNotReturnMembers: 0
ConfigurationGUISupervisor:280	<> requestType: getTreeView
TableBase-TableGroupMetadata	<> Special table 'TableGroupMetadata' constructed. 1
READONLY_USER	<> runTimeSeconds() = 9.1854e-05
READONLY_USER	<> runTimeSeconds() = 0.00015614
READONLY_USER	<> runTimeSeconds() = 0.000505371
READONLY_USER	<> runTimeSeconds() = 0.000585992
READONLY_USER	<> Private constructor for write access called.
TreeDiff	<> Instantiating Config Manager with Write Access! (for TreeDiff) time=1718116675 runTimeSeconds()=0.000679934
TreeDiff	<> runTimeSeconds() = 0.000739385
ConfigurationGUISupervisor:280	<> Refreshing all table info, ignoring warnings...
admin	<> ======================================================== getAllTableInfo start runtime=4072.26
admin	<> Refreshing all! Extracting list of tables...
admin	<> Extracting list of tables complete.
admin	<> Now initializing...
admin	<> username_ = admin
admin	<> Destroying Configuration Key: 2
admin	<> Destroying Backbone Key: 4
admin	<> Destroying Context Key: 4
admin	<> ACTIVE_GROUPS_FILENAME = /home/mu2edaq/otsdaq_demo/srcs/otsdaq_demo/NoGitData/ServiceData/ActiveTableGroups.cfg
admin	<> ARTDAQ_DATABASE_URI = filesystemdb:///home/mu2edaq/otsdaq_demo/srcs/otsdaq_demo/NoGitDatabases/filesystemdb/test_db
admin	<> Ignoring warnings while loading and activating group 'testContext(4)'
TableBase-GroupCache_testContext	<> TableBase for 'GroupCache_testContext' constructed.
GROUP_CACHE-TEST_CONTEXTv-2	<> TableView copy for 'GROUP_CACHE-TEST_CONTEXT' done.
GROUP_CACHE-TEST_CONTEXTv4	<> TableView copy for 'GROUP_CACHE-TEST_CONTEXT' done.
admin	<> ------------------------------------- init start    	 [for all plug-ins in Context group 'testContext(4)']
admin	<> Errors detected while loading Table Group: testContext(4). Ignoring the following errors: 
|ConfigurationManager: /scratch/workspace/otsdaq-release-build/SLF7/s128-e20-prof/build/otsdaq/v2_08_00-buildFW/src/otsdaq/ConfigurationInterface/ConfigurationManager.cc:2630 |	At node 'XDAQApplicationTable' with entry UID 'FESupervisor' there is a disconnected child node at link column 'LinkToSupervisorTable' that points to table named 'FESupervisorTable' ...|ConfigurationManager: /scratch/workspace/otsdaq-release-build/SLF7/s128-e20-prof/build/otsdaq/v2_08_00-buildFW/src/otsdaq/ConfigurationInterface/ConfigurationManager.cc:2630 |	At node 'XDAQApplicationTable' with entry UID 'DataManagerSupervisor' there is a disconnected child node at link column 'LinkToSupervisorTable' that points to table named 'DataManagerSupervisorTable' ...|ConfigurationManager: /scratch/workspace/otsdaq-release-build/SLF7/s128-e20-prof/build/otsdaq/v2_08_00-buildFW/src/otsdaq/ConfigurationInterface/ConfigurationManager.cc:2630 |	At node 'XDAQApplicationTable' with entry UID 'VisualSupervisor' there is a disconnected child node at link column 'LinkToSupervisorTable' that points to table named 'DataManagerSupervisorTable' ...
admin	<>  PROCESSOR_COUNT 28 ==> 14 threads for initializing tables.
Fixing deprecated Supervisor class from ots::Supervisor to ots::GatewaySupervisor
admin	<> ------------------------------------- init complete 	 [for all plug-ins in Context group 'testContext(4)']
admin	<> Ignoring warnings while loading and activating group 'TableEditWizBackbone(4)'
TableBase-GroupCache_TableEditWizBackbone	<> TableBase for 'GroupCache_TableEditWizBackbone' constructed.
GROUP_CACHE-TABLE_EDIT_WIZ_BACKBONEv-2	<> TableView copy for 'GROUP_CACHE-TABLE_EDIT_WIZ_BACKBONE' done.
GROUP_CACHE-TABLE_EDIT_WIZ_BACKBONEv4	<> TableView copy for 'GROUP_CACHE-TABLE_EDIT_WIZ_BACKBONE' done.
admin	<> Ignoring that groupMetadataTable_ is missing for group 'TableEditWizBackbone(4). Going with anonymous defaults.
admin	<> ------------------------------------- init start    	 [for all plug-ins in Backbone group 'TableEditWizBackbone(4)']
admin	<>  PROCESSOR_COUNT 28 ==> 14 threads for initializing tables.
admin	<> ------------------------------------- init complete 	 [for all plug-ins in Backbone group 'TableEditWizBackbone(4)']
admin	<> Ignoring warnings while loading and activating group 'defaultConfig(2)'
TableBase-GroupCache_defaultConfig	<> TableBase for 'GroupCache_defaultConfig' constructed.
GROUP_CACHE-DEFAULT_CONFIGv-2	<> TableView copy for 'GROUP_CACHE-DEFAULT_CONFIG' done.
GROUP_CACHE-DEFAULT_CONFIGv2	<> TableView copy for 'GROUP_CACHE-DEFAULT_CONFIG' done.
admin	<> ------------------------------------- init start    	 [for all plug-ins in Configuration group 'defaultConfig(2)']
admin	<>  PROCESSOR_COUNT 28 ==> 14 threads for initializing tables.
admin	<> ------------------------------------- init complete 	 [for all plug-ins in Configuration group 'defaultConfig(2)']
admin	<> ======================================================== getAllTableInfo end runtime=4072.44
ConfigurationGUISupervisor:280	<> Loading group 'defaultConfig(2)'
TableBase-GroupCache_defaultConfig	<> TableBase for 'GroupCache_defaultConfig' constructed.
GROUP_CACHE-DEFAULT_CONFIGv-2	<> TableView copy for 'GROUP_CACHE-DEFAULT_CONFIG' done.
GROUP_CACHE-DEFAULT_CONFIGv2	<> TableView copy for 'GROUP_CACHE-DEFAULT_CONFIG' done.
ConfigurationGUISupervisor:280	<> accumulateTreeErrs = 
ConfigurationGUISupervisor:280	<> requestType: getTreeView
TableBase-TableGroupMetadata	<> Special table 'TableGroupMetadata' constructed. 1
READONLY_USER	<> runTimeSeconds() = 7.2848e-05
READONLY_USER	<> runTimeSeconds() = 0.000127203
READONLY_USER	<> runTimeSeconds() = 0.000386143
READONLY_USER	<> runTimeSeconds() = 0.000438687
READONLY_USER	<> Private constructor for write access called.
TreeDiff	<> Instantiating Config Manager with Write Access! (for TreeDiff) time=1718116678 runTimeSeconds()=0.000517454
TreeDiff	<> runTimeSeconds() = 0.00056574
ConfigurationGUISupervisor:280	<> Loading group 'defaultConfig(2)'
TableBase-GroupCache_defaultConfig	<> TableBase for 'GroupCache_defaultConfig' constructed.
GROUP_CACHE-DEFAULT_CONFIGv-2	<> TableView copy for 'GROUP_CACHE-DEFAULT_CONFIG' done.
GROUP_CACHE-DEFAULT_CONFIGv2	<> TableView copy for 'GROUP_CACHE-DEFAULT_CONFIG' done.
StringMacros::mapToString(filterMap) = 
ConfigurationGUISupervisor:280	<> requestType: getTreeView
TableBase-TableGroupMetadata	<> Special table 'TableGroupMetadata' constructed. 1
READONLY_USER	<> runTimeSeconds() = 5.897e-05
READONLY_USER	<> runTimeSeconds() = 0.000113004
READONLY_USER	<> runTimeSeconds() = 0.000328922
READONLY_USER	<> runTimeSeconds() = 0.000380351
READONLY_USER	<> Private constructor for write access called.
TreeDiff	<> Instantiating Config Manager with Write Access! (for TreeDiff) time=1718116680 runTimeSeconds()=0.000443636
TreeDiff	<> runTimeSeconds() = 0.000499992
ConfigurationGUISupervisor:280	<> Loading group 'defaultConfig(2)'
TableBase-GroupCache_defaultConfig	<> TableBase for 'GroupCache_defaultConfig' constructed.
GROUP_CACHE-DEFAULT_CONFIGv-2	<> TableView copy for 'GROUP_CACHE-DEFAULT_CONFIG' done.
GROUP_CACHE-DEFAULT_CONFIGv2	<> TableView copy for 'GROUP_CACHE-DEFAULT_CONFIG' done.
StringMacros::mapToString(filterMap) = 
ConfigurationGUISupervisor:280	<> requestType: getTreeView
TableBase-TableGroupMetadata	<> Special table 'TableGroupMetadata' constructed. 1
READONLY_USER	<> runTimeSeconds() = 4.7271e-05
READONLY_USER	<> runTimeSeconds() = 9.6169e-05
READONLY_USER	<> runTimeSeconds() = 0.000290772
READONLY_USER	<> runTimeSeconds() = 0.000339958
READONLY_USER	<> Private constructor for write access called.
TreeDiff	<> Instantiating Config Manager with Write Access! (for TreeDiff) time=1718116682 runTimeSeconds()=0.000424305
TreeDiff	<> runTimeSeconds() = 0.000469084
ConfigurationGUISupervisor:280	<> Loading group 'defaultConfig(2)'
TableBase-GroupCache_defaultConfig	<> TableBase for 'GroupCache_defaultConfig' constructed.
GROUP_CACHE-DEFAULT_CONFIGv-2	<> TableView copy for 'GROUP_CACHE-DEFAULT_CONFIG' done.
GROUP_CACHE-DEFAULT_CONFIGv2	<> TableView copy for 'GROUP_CACHE-DEFAULT_CONFIG' done.
StringMacros::mapToString(filterMap) = 
ConfigurationGUISupervisor:280	<> requestType: getTreeView
TableBase-TableGroupMetadata	<> Special table 'TableGroupMetadata' constructed. 1
READONLY_USER	<> runTimeSeconds() = 4.6275e-05
READONLY_USER	<> runTimeSeconds() = 0.000100877
READONLY_USER	<> runTimeSeconds() = 0.000282478
READONLY_USER	<> runTimeSeconds() = 0.000332401
READONLY_USER	<> Private constructor for write access called.
TreeDiff	<> Instantiating Config Manager with Write Access! (for TreeDiff) time=1718116683 runTimeSeconds()=0.000391041
TreeDiff	<> runTimeSeconds() = 0.000445148
ConfigurationGUISupervisor:280	<> Loading group 'defaultConfig(2)'
TableBase-GroupCache_defaultConfig	<> TableBase for 'GroupCache_defaultConfig' constructed.
GROUP_CACHE-DEFAULT_CONFIGv-2	<> TableView copy for 'GROUP_CACHE-DEFAULT_CONFIG' done.
GROUP_CACHE-DEFAULT_CONFIGv2	<> TableView copy for 'GROUP_CACHE-DEFAULT_CONFIG' done.
StringMacros::mapToString(filterMap) = 
submittedSequence=fa37 1718116698
*** Successfully authenticated security sequence @ 1718116698
*** Successfully authenticated security sequence @ 1718116699
